acid,gufi,isArrival,aircraft_address,aircraft_engine_class,aircraft_registration,aircraft_type,altitude_assigned,arrival_aerodrome_icao_name,arrival_fix_source_data,arrival_stand_airline,arrival_stand_scheduled_time,beacon_code,carrier,departure_aerodrome_icao_name,departure_fix_actual_time,departure_fix_source_data,departure_stand_airline,departure_stand_initial_time,eobt_final,eobt_num_updates,time_at_initial_eobt,time_at_final_eobt,ltime_final,ltime_num_updates,time_at_initial_ltime,time_at_final_ltime,edct_final,edct_num_updates,time_at_initial_edct,time_at_final_edct,apreq_final,apreq_num_updates,apreq_final_source,surface_flight_state_at_initial_apreq,surface_flight_state_at_final_apreq,time_at_initial_apreq,time_at_final_apreq,tmat,tobt,gate_conflict_values_present,ground_stop_restriction_ids_present,last_update_source,long_on_board_duration_value,fix_closure_ids_present,mit_restriction_ids_present,position_latitude,priority_status,route_text,runway_operational_necessity,surface_flight_state,last_timestamp,last_controller_clearance,first_position_update,first_position_update_source,surface_state_at_first_position,state_scheduled,state_pushback,state_ramp_taxi_out,state_taxi_out,state_in_queue,state_off,state_terminal_airspace,state_enroute,state_on_final,state_taxi_in,state_ramp_taxi_in,state_in_gate,state_unknown,state_suspended,state_cancelled,state_return_to_gate,pushback_clearance_undone,clear_cleared_to_gate,clear_gate_pushback_approved,pushback_approved_to_first_surveillance,clear_hold,clear_gate_pushback_hold,clear_not_set,clear_proceed_to_spot,clear_return_to_gate,first_fix_closure_receipt_time,first_fix_closure_reference_time,count_distinct_fix_closure_ids,first_mit_restriction_receipt_time,first_mit_restriction_reference_time,count_distinct_mit_restriction_ids,eobt_minus_hold_time,sobt_minus_hold_time,iobt_minus_aobt,eobt_at_pushback_clearance,ltime_at_pushback_clearance,undelayed_ramp_transit_time,undelayed_ama_transit_time,departure_stand_proposed_time,arrival_spot_actual,departure_spot_actual,departure_stand_airline_derived_actual_time,departure_stand_controller_derived_actual_time_value,departure_stand_position_derived_actual_time_value,eobt_acc_at_5,eobt_acc_at_10,eobt_acc_at_20,eobt_acc_at_30,ltime_acc_at_5,ltime_acc_at_10,ltime_acc_at_20,ltime_acc_at_30,eobt_acc_at_5_abs,eobt_acc_at_10_abs,eobt_acc_at_20_abs,eobt_acc_at_30_abs,ltime_acc_at_5_abs,ltime_acc_at_10_abs,ltime_acc_at_20_abs,ltime_acc_at_30_abs,Tactical_Aircraft_Type,Tactical_Weight_Class,Tactical_Controlled_Flight,Tactical_Exempt_Flight,Held_While_Metering_On_Scheduled_Runway,Held_With_Non_Zero_Advisory,Held_With_Non_Zero_(TOBT-UOBT),Return_To_Gate_After_Hold,Total_Realized_Hold,Realized_Hold_BEFORE_UOBT,Realized_Hold_AFTER_UOBT,Tactical_Schedule_Priroity_String,MSS_Transition_String,Number_Times_In_PUSHBACK_UNCERTAIN,Timestamp_When_Enter_PUSHBACK_UNCERTAIN,TTOT_When_Enter_PUSHBACK_UNCERTAIN,UTOT_When_Enter_PUSHBACK_UNCERTAIN,TTOT_When_Enter_PUSHBACK_UNCERTAIN_Versus_Actual_OFF,Runway_Assigned_When_Enter_PUSHBACK_UNCERTAIN,Runway(s)_Being_Metered_When_Enter_PUSHBACK_UNCERTAIN,Metering_Mode_When_Enter_PUSHBACK_UNCERTAIN,Timestamp_When_Exit_PUSHBACK_UNCERTAIN,TTOT_When_Exit_PUSHBACK_UNCERTAIN,UTOT_When_Exit_PUSHBACK_UNCERTAIN,TTOT_When_Exit_PUSHBACK_UNCERTAIN_Versus_Actual_OFF,Runway_Assigned_When_Exit_PUSHBACK_UNCERTAIN,Runway(s)_Being_Metered_When_Exit_PUSHBACK_UNCERTAIN,Metering_Mode_When_Exit_PUSHBACK_UNCERTAIN,Number_Times_In_PUSHBACK_PLANNED,Timestamp_When_Enter_PUSHBACK_PLANNED,TTOT_When_Enter_PUSHBACK_PLANNED,UTOT_When_Enter_PUSHBACK_PLANNED,Total_Gate_Hold_When_Enter_PUSHBACK_PLANNED,Passback_Hold_When_Enter_PUSHBACK_PLANNED,TTOT_When_Enter_PUSHBACK_PLANNED_Versus_Actual_OFF,Runway_Assigned_When_Enter_PUSHBACK_PLANNED,Runway(s)_Being_Metered_When_Enter_PUSHBACK_PLANNED,Metering_Mode_When_Enter_PUSHBACK_PLANNED,Timestamp_When_Exit_PUSHBACK_PLANNED,TTOT_When_Exit_PUSHBACK_PLANNED,UTOT_When_Exit_PUSHBACK_PLANNED,Total_Gate_Hold_When_Exit_PUSHBACK_PLANNED,Passback_Hold_When_Exit_PUSHBACK_PLANNED,TTOT_When_Exit_PUSHBACK_PLANNED_Versus_Actual_OFF,Runway_Assigned_When_Exit_PUSHBACK_PLANNED,Runway(s)_Being_Metered_When_Exit_PUSHBACK_PLANNED,Metering_Mode_When_Exit_PUSHBACK_PLANNED,Timestamp_At_Ready,TTOT_At_Ready,UTOT_At_Ready,Total_Gate_Hold_At_Ready,Passback_Gate_Hold_At_Ready,TTOT_At_Ready_Versus_Actual_Off,Runway_Assigned_At_Ready,Runway(s)_Being_Metered_At_Ready,Metering_Mode_At_Ready,Number_Times_Held,Timestamp_When_Put_On_Hold,TTOT_When_Put_On_Hold,UTOT_When_Put_On_Hold,Total_Gate_Hold_When_Put_On_Hold,Passback_Hold_When_Put_On_Hold,TTOT_When_Put_On_Hold_Versus_Actual_OFF,Runway_Assigned_When_Put_On_Hold,Runway(s)_Being_Metered_When_Put_On_Hold,Metering_Mode_When_Put_On_Hold,Fuel_Flow_Reduced_in_KG,CO_Emissions_Reduced_in_grams,CO2_Emissions_Reduced_in_KG,HC_Emissions_Reduced_in_grams,Nox_Emissions_Reduced_in_grams,Track_Hit_Out_Time,Unimpeded_Taxi_Time,Total_Taxi_Time,Excess_Taxi_Time,Actual_IN_Time,Actual_AMA_Taxi_In,Error_AMA_Taxi_In_Pred_while_On_Final,Pred_AMA_Taxi_at_AMA_Taxi_In_Start,Actual_ON_Time,Actual_Ramp_Taxi,Ramp_Taxi_Pred_at_AMA_Taxi_In_Start,Actual_Spot_Crossing_Time_x,Predicted_Spot_Crossing_at_On_Final_Start,Predicted_Spot_Crossing_at_Taxi_In_Start,Actual_Total_Taxi_In,Surface_Model_Arrival_Gate,Surface_Model_Arrival_Ramp_Area,Surface_Model_Actual_Arrival_Runway,Surface_Model_Runway_Utilization_Arrival,Surface_Model_Arrival_Spot,Average_Movement_Area_Speed_Taxi_Out,Actual_AMA_Taxi_Out,AMA_Taxi_Prediction_at_AMA_Taxi_Start,Actual_OFF_Time_Start_of_Roll,Error_OFF_Pred_at_Pushback,Error_OFF_Pred_at_Ramp_Taxi_Start,Error_OFF_Pred_at_Gate_Prior_to_Push,Error_OFF_Pred_at_AMA_Taxi_Start,OFF_Pred_at_Pushback_Start,OFF_Pred_at_Ramp_Taxi_Start,OFF_Pred_at_Gate_Prior_to_Push,OFF_Pred_at_AMA_Taxi_Start,Actual_OUT,OUT_Pred_at_Gate_Prior_to_Push,Seconds_Between_OUT_and_Taxi_Start,Ramp_Taxi_Out_Speed,Actual_Ramp_Taxi_Out_Time,Ramp_Taxi_Pred_at_Ramp_Taxi_Start,Actual_Spot_Crossing_Time_y,Spot_Crossing_Pred_at_Pushback_Start,Spot_Crossing_Pred_at_Ramp_Taxi_Start,Spot Crossing Pred at Pushback Prior to Push,Actual_Time_of_Ramp_Taxi_Start_from_Surveillance_or_Ramp_Controller,Actual_Total_Taxi_Out_Time,Surface_Model_Departure_Gate,Surface_Model_Departure_Ramp_Area,Surface_Model_Actual_Departure_Runway,Surface_Model_Runway_Utilization_Departure,Surface_Model_Departure_Spot,Broader Bank Number,Bank Number,TBFM_Ready_Time,TBFM_Scheduled_Time,TBFM_Departed_Time,TBFM_VALUEOF_EDCT,MF_Crossing_Time,TBFM_Runway,Meter_Fix_Name,Meter_Fix_Orig_ETA,Estimated_Airborne_Delay_Center,Estimated_TBFM_Compliance_at_Crossing_STA_minus_ETA,AC_Type,Lat_At_Crossing,Lon_At_Crossing,Alt_At_Crossing,Ground_Speed_At_Crossing,Scratch_At_Crossing,TBFM_Config_At_ON,TBFM_Config_Start,TBFM_Config_End,TBFM_Config_At_TRACON_Boundary,TBFM_APREQ_Time_TORC_Lite,TBFM_Ready_Time_TORC_Lite,TBFM_Scheduled_Time_TORC_Lite,Wheels_Off_Time,Wheels_Off_Time_Truncated,APREQ_Compliance_Truncated_Sec,APREQ_Compliant,APREQ_Early,APREQ_Late,APREQ_Was_Replanned,APREQ_Scheduled_w_IDAC,APREQ_Center,APREQ_Scheduled_Prior_To_Pushback,APREQ_Scheduled_Prior_To_Spot,APREQ_Scheduled_During_Pushback,TBFM_Assigned_Delay_For_Departure,TOBT_Compliance_Seconds,TMAT_Compliance_Seconds,Actual_Ramp_Taxi_Out_without_Pushback_Duration,Actual_AMA_Taxi_Out_Fuser_States,Total_Taxi_Out_without_Pushback_Duration,Excess_Ramp_Taxi_Out,Excess_AMA_Taxi_Out,Pos_Excess_Ramp_Taxi_Out,Pos_Excess_AMA_Taxi_Out,Pos_Excess_Total_Taxi_Out,TBFM_Assigned_Delay_at_Origin,Int_Departure_Compliance,Int_Departure_IsCompliant,Int_Departure_IsLate,Int_Departure_IsEarly,Time_in_TRACON_Airspace_STBO,Time_On_Final_STBO,Excess_AMA_Taxi_In,Pos_Excess_AMA_Taxi_In,Actual_AMA_Taxi_In_Duration,Actual_Ramp_Taxi_In_Duration,Excess_Ramp_Taxi_In,Pos_Excess_Ramp_Taxi_In
AAL1877,AAL1877.CLT.MIA.180121.0915.0200.AIRLINE,False,11113518.0,JET,N716UW,A319,38000.0,KMIA,SSCOT,D6,2018-01-26 08:06:00,3104.0,AAL,KCLT,2018-01-26 06:27:42,ICONS,C12,2018-01-26 06:00:00,2018-01-26 06:04:19,2.0,2018-01-26 04:31:19,2018-01-26 05:32:53,2018-01-26 06:03:00,1.0,2018-01-26 04:31:20,2018-01-26 06:03:46,,,,,,,,,,,,,,False,False,TFM,970106.0,False,False,30.7252777777778,UNSET,KCLT./.CAE180061..MLB.HILEY7.KMIA/1248,,OFF,2018-01-26 06:59:55,PROCEED_TO_SPOT,2018-01-26 06:07:43,ASDEX,RAMP_TAXI_OUT,2018-01-26 04:00:01,2018-01-26 06:03:17,2018-01-26 06:07:10,2018-01-26 06:08:54,2018-01-26 06:10:23,2018-01-26 06:19:53,,,,,,,,,,,False,,2018-01-26 06:03:17,-266.0,,,,2018-01-26 06:07:10,,,,,,,,62.0,-197.0,-196.0,2018-01-26 06:04:19,2018-01-26 06:00:00,403.0,199.0,2018-01-26 11:00:00,,,,2018-01-26 11:03:16,2018-01-26 11:07:47,,,,,,,,,,,,,,,,,,,,,,,,,,,,,,,,,,,,,,,,,,,,,,,,,,,,,,,,,,,,,,,,,,,,,,,,,,,,,,,,,,,,,,,,,,,,,,,,,,,,,,,,,,,,3.4399086540928683,659.0,199.0,2018-01-26 06:19:52,390.0,513.0,390.0,460.00000000000006,2018-01-26 06:13:22,2018-01-26 06:11:19,2018-01-26 06:13:22,2018-01-26 06:12:12,2018-01-26 06:03:16,2018-01-26 06:04:19,233.00000000000003,6.726705647024333,337.0,280.0,2018-01-26 06:08:53,2018-01-26 06:09:59,2018-01-26 06:07:56,2018-01-26 06:09:59,2018-01-26 06:07:09,996.0,C12,C_EAST,18L,S_18L,26S,,,,,,,,,,,,,,,,,,,,,,,,,,,,,,,,,,,,,,,,,104.0,659.0,763.0,-176.0,460.0,0.0,460.0,460.0,,,,,,,,,,,,,
AAL1916,AAL1916.BOS.CLT.180121.0915.0281.AIRLINE,True,11118874.0,JET,N721UW,A319,24000.0,KCLT,CHSLY,C8,2018-01-26 07:29:00,3426.0,AAL,KBOS,,PATSS,B11,2018-01-26 05:00:00,2018-01-26 05:00:00,,,,2018-01-26 04:55:00,,,,,,,,,,,,,,,,,False,False,FMC,184105.0,False,False,35.2192421,UNSET,KBOS./.GVE235017..BLUEJ.CHSLY3.KCLT/1158,,RAMP_TAXI_IN,2018-01-26 06:59:51,,2018-01-26 05:13:03,TFM,SCHEDULED,2018-01-26 05:00:01,,,,,,2018-01-26 06:42:15,2018-01-26 05:13:14,2018-01-26 06:51:53,2018-01-26 06:56:26,2018-01-26 06:59:13,2018-01-26 07:01:22,,,,,,,,,,,,,,,,,,,,,,,,,,,2018-01-26 10:00:00,,,,,,,,,,,,,,,,,,,,,,,,,,,,,,,,,,,,,,,,,,,,,,,,,,,,,,,,,,,,,,,,,,,,,,,,,,,,,,,,,,,,,,,,,,,,,,,,,2018-01-26 07:00:00,167.0,158.0,167.0,2018-01-26 06:56:25,48.0,58.00000000000001,2018-01-26 06:59:12,2018-01-26 06:58:12,2018-01-26 06:59:12,215.0,C8,C_EAST,18L,S_18L,24,,,,,,,,,,,,,,,,,,,,,,,,,,,,,,,,,,,,2018-01-26 06:43:19,18L,CHSLY/J,2018-01-26 06:46:07,168,-10,A319,0354830N,0802625W,13700.0,313.06955,L,3_S_SIM_VIS,2018-01-25 19:21:02,2018-01-26 05:18:43,3_S_SIM_VIS,,,,,,,,,,,,,,,,,,,,,,,,,,,,,,,,851.0,273.0,,,,,,
AAL1924,AAL1924.MCO.CLT.180121.0915.0306.AIRLINE,True,11060010.0,JET,N664AW,A320,27000.0,KCLT,BANKR,C6,2018-01-26 06:38:00,773.0,AAL,KMCO,,WORMS,20,2018-01-26 05:01:00,2018-01-26 04:58:29,,,,2018-01-26 04:55:00,,,,,,,,,,,,,,,,,False,False,AIRLINE,460878.0,False,False,35.2193261,UNSET,KMCO./.ORL356018..DUNKN..PONZE.BANKR2.KCLT/1127,,IN_GATE,2018-01-26 06:55:18,,2018-01-26 05:15:10,TFM,SCHEDULED,2018-01-26 04:31:31,,,,,,2018-01-26 06:09:25,2018-01-26 05:15:15,2018-01-26 06:25:55,2018-01-26 06:31:40,2018-01-26 06:36:11,2018-01-26 06:40:01,,,,,,,,,,,,,,,,,,,,,,,,,,,2018-01-26 10:01:00,,,,,,,,,,,,,,,,,,,,,,,,,,,,,,,,,,,,,,,,,,,,,,,,,,,,,,,,,,,,,,,,,,,,,,,,,,,,,,,,,,,,,,,,,,,,,,,,,2018-01-26 06:38:00,271.0,97.0,380.0,2018-01-26 06:31:39,110.0,0.0,2018-01-26 06:36:10,2018-01-26 06:32:14,2018-01-26 06:37:59,381.0,C6,C_EAST,18C,S_18L,22W,,,,,,,,,,,,,,,,,,,,,,,,,,,,,,,,,,,,2018-01-26 06:10:07,18R,BANKR/J,2018-01-26 06:11:29,82,163,A320,0343459N,0812639W,17100.0,327.54282,,3_S_SIM_VIS,2018-01-25 19:21:02,2018-01-26 05:18:43,3_S_SIM_VIS,,,,,,,,,,,,,,,,,,,,,,,,,,,,,,,,1335.0,345.0,97.0,97.0,271.0,110.0,,
AAL1930,AAL1930.PDX.CLT.180120.0915.0263.AIRLINE,True,11319789.0,JET,N919US,A321,11000.0,KCLT,FILPZ,B3,2018-01-26 06:12:00,6657.0,AAL,KPDX,,RIVRR,C17,2018-01-26 01:29:00,2018-01-26 01:29:10,,,,2018-01-26 01:21:00,,,,,,,,,,,,,,,,,False,False,AIRLINE,330173.0,False,False,35.219143,UNSET,KPDX./.OVR198021..TAZZA.FILPZ3.KCLT/1054,,IN_GATE,2018-01-26 06:55:18,,2018-01-26 03:59:42,TFM,ENROUTE,,,,,,,2018-01-26 05:38:21,2018-01-26 04:00:01,2018-01-26 05:50:09,2018-01-26 05:54:31,2018-01-26 05:56:55,2018-01-26 06:00:21,,,,,,,,,,,,,,,,,,,,,,,,,,,2018-01-26 06:29:00,,,,,,,,,,,,,,,,,,,,,,,,,,,,,,,,,,,,,,,,,,,,,,,,,,,,,,,,,,,,,,,,,,,,,,,,,,,,,,,,,,,,,,,,,,,,,,,,,2018-01-26 05:59:00,144.0,237.00000000000003,363.0,2018-01-26 05:54:30,126.0,0.0,2018-01-26 05:56:54,2018-01-26 05:57:41,2018-01-26 06:00:33,270.0,B3,B_WEST,18L,S_Normal,24,,,,,,,,,,,,,,,,,,,,,,,,,,,,,,,,,,,,2018-01-26 05:39:43,23,FILPZ/J,2018-01-26 05:41:23,100,-2,A321,0353043N,0814242W,12800.0,321.752,L,3_S_SIM_VIS,2018-01-25 19:21:02,2018-01-26 05:18:43,3_S_SIM_VIS,,,,,,,,,,,,,,,,,,,,,,,,,,,,,,,,970.0,262.0,237.0,237.0,144.0,126.0,,
AAL1956,AAL1956.DEN.CLT.180121.0915.0388.AIRLINE,True,10977069.0,JET,N582UW,A321,11000.0,KCLT,FILPZ,B8,2018-01-26 06:17:00,1447.0,AAL,KDEN,,EXTAN,A51,2018-01-26 03:15:00,2018-01-26 03:14:01,,,,2018-01-26 03:07:00,,,,,,,,,,,,,,,,,False,False,AIRLINE,266977.0,False,False,35.2186127,UNSET,KDEN./.ENL211060..COMDY.FILPZ3.KCLT/1054,,IN_GATE,2018-01-26 06:55:18,,2018-01-26 03:59:49,TMA,ENROUTE,,,,,,,2018-01-26 05:40:15,2018-01-26 04:00:01,2018-01-26 05:51:15,2018-01-26 05:56:04,2018-01-26 05:58:34,2018-01-26 06:01:21,,,,,,,,,,,,,,,,,,,,,,,,,,,2018-01-26 08:15:00,,,,,,,,,,,,,,,,,,,,,,,,,,,,,,,,,,,,,,,,,,,,,,,,,,,,,,,,,,,,,,,,,,,,,,,,,,,,,,,,,,,,,,,,,,,,,,,,,2018-01-26 06:00:00,150.0,237.00000000000003,277.0,2018-01-26 05:56:03,87.0,0.0,2018-01-26 05:58:33,2018-01-26 05:59:16,2018-01-26 06:00:40,237.00000000000003,B8,B_EAST,18L,S_Normal,24,,,,,,,,,,,,,,,,,,,,,,,,,,,,,,,,,,,,2018-01-26 05:41:32,23,FILPZ/J,2018-01-26 05:41:32,0,-8,A321,0353041N,0814228W,12600.0,324.8903,L,3_S_SIM_VIS,2018-01-25 19:21:02,2018-01-26 05:18:43,3_S_SIM_VIS,,,,,,,,,,,,,,,,,,,,,,,,,,,,,,,,949.0,289.0,237.0,237.0,150.0,87.0,,
AAL1957,AAL1957.RDU.CLT.180121.0915.0394.AIRLINE,True,11239406.0,JET,N840AW,A319,13000.0,KCLT,CHSLY,C12,2018-01-26 06:37:00,2127.0,AAL,KRDU,,LIB,C11,2018-01-26 05:35:00,2018-01-26 05:34:34,,,,2018-01-26 05:29:00,,,,,,,,,,TMA.ZTL.FAA.GOV-SWIM,,,,,,,False,False,AIRLINE,382037.0,False,False,35.21833,UNSET,KRDU..CATAR..SDAIL.CHSLY3.KCLT/1121,,IN_GATE,2018-01-26 06:55:18,CLEARED_TO_GATE,2018-01-26 05:46:04,TFM,SCHEDULED,2018-01-26 04:20:27,,,,,,2018-01-26 06:02:33,2018-01-26 05:46:09,2018-01-26 06:13:53,2018-01-26 06:19:19,2018-01-26 06:23:23,2018-01-26 06:26:14,,,,,,2018-01-26 06:26:13,,,,,,,,,,,,,,,,,,,,,2018-01-26 10:35:00,,,,,,,,,,,,,,,,,,,,,,,,,,,,,,,,,,,,,,,,,,,,,,,,,,,,,,,,,,,,,,,,,,,,,,,,,,,,,,,,,,,,,,,,,,,,,,,,,2018-01-26 06:24:00,244.00000000000003,158.0,243.00000000000003,2018-01-26 06:19:18,38.0,43.0,2018-01-26 06:23:22,2018-01-26 06:20:52,2018-01-26 06:23:21,282.0,C12,C_EAST,18L,S_18L,24,,,,,,,,,,,,,,,,,,,,,,,,,,,,,,,,2018-01-26 05:46:00,2018-01-26 05:46:00,2018-01-26 05:46:00,,2018-01-26 06:03:56,18L,CHSLY/J,2018-01-26 06:03:11,-45,-2,A319,0354834N,0802622W,13000.0,299.23376,L,3_S_SIM_VIS,2018-01-25 19:21:02,2018-01-26 05:18:43,3_S_SIM_VIS,,,,,,,,,,,,,,,,,,,,,,,,,,,0.0,0.0,1.0,0.0,0.0,1006.0,326.0,,,,,,
AAL1980,AAL1980.TPA.CLT.180121.0915.0457.AIRLINE,True,10512412.0,JET,N125UW,A320,37000.0,KCLT,BANKR,C18,2018-01-26 06:43:00,7432.0,AAL,KTPA,,BAYPO,F84,2018-01-26 05:05:00,2018-01-26 05:05:00,,,,2018-01-26 04:55:00,,,,,,,,,,,,,,,,,False,False,AIRLINE,281926.0,False,False,35.21714,UNSET,KTPA./.AMG008002..NTRST.BANKR2.KCLT/1114,,IN_GATE,2018-01-26 06:55:18,,2018-01-26 05:04:53,TFM,SCHEDULED,2018-01-26 04:20:18,,,,,,2018-01-26 06:01:25,2018-01-26 05:05:03,2018-01-26 06:16:55,2018-01-26 06:21:39,2018-01-26 06:23:25,2018-01-26 06:26:28,,,,,,,,,,,,,,,,,,,,,,,,,,,2018-01-26 10:05:00,,,,,,,,,,,,,,,,,,,,,,,,,,,,,,,,,,,,,,,,,,,,,,,,,,,,,,,,,,,,,,,,,,,,,,,,,,,,,,,,,,,,,,,,,,,,,,,,,2018-01-26 06:25:00,106.0,97.0,103.0,2018-01-26 06:21:38,96.0,141.0,2018-01-26 06:23:24,2018-01-26 06:22:27,2018-01-26 06:23:21,202.0,C18,C_SOUTH,18C,S_18L,11W,,,,,,,,,,,,,,,,,,,,,,,,,,,,,,,,,,,,2018-01-26 06:02:04,18R,BANKR/J,2018-01-26 05:55:08,-416,3,A320,0343509N,0812630W,18900.0,355.0559,L,3_S_SIM_VIS,2018-01-25 19:21:02,2018-01-26 05:18:43,3_S_SIM_VIS,,,,,,,,,,,,,,,,,,,,,,,,,,,,,,,,1214.0,284.0,97.0,97.0,106.0,96.0,-45.0,0.0
AAL2020,AAL2020.PHX.CLT.180121.0915.0891.AIRLINE,True,10564865.0,JET,N177US,A321,11000.0,KCLT,FILPZ,B12,2018-01-26 06:25:00,2621.0,AAL,KPHX,,FTHLS,A13,2018-01-26 02:35:00,2018-01-26 02:36:03,,,,2018-01-26 02:38:00,,,,,,,,,,,,,,,,,False,False,AIRLINE,375116.0,False,False,35.217846,UNSET,KPHX./.3607N/08932W..COMDY.FILPZ3.KCLT/1110,,IN_GATE,2018-01-26 06:55:18,,2018-01-26 03:59:44,TMA,ENROUTE,,,,,,,2018-01-26 05:55:15,2018-01-26 04:07:01,2018-01-26 06:05:55,2018-01-26 06:09:56,2018-01-26 06:13:02,2018-01-26 06:16:31,,,,,,,,,,,,,,,,,,,,,,,,,,,2018-01-26 07:35:00,,,,,,,,,,,,,,,,,,,,,,,,,,,,,,,,,,,,,,,,,,,,,,,,,,,,,,,,,,,,,,,,,,,,,,,,,,,,,,,,,,,,,,,,,,,,,,,,,2018-01-26 06:14:00,186.0,237.00000000000003,292.0,2018-01-26 06:09:55,59.00000000000001,0.0,2018-01-26 06:13:01,2018-01-26 06:13:20,2018-01-26 06:14:47,245.00000000000003,B12,B_EAST,18L,S_18L,24,,,,,,,,,,,,,,,,,,,,,,,,,,,,,,,,,,,,2018-01-26 05:56:34,18R,FILPZ/J,2018-01-26 05:53:29,-185,-12,A321,0353041N,0814239W,13500.0,326.68137,L,3_S_SIM_VIS,2018-01-25 19:21:02,2018-01-26 05:18:43,3_S_SIM_VIS,,,,,,,,,,,,,,,,,,,,,,,,,,,,,,,,881.0,241.0,,,,,,
AAL2060,AAL2060.CLT.LGA.180121.0916.0033.AIRLINE,False,11158363.0,JET,N760US,A319,39000.0,KLGA,RBV,C6,2018-01-26 07:48:00,3160.0,AAL,KCLT,2018-01-26 06:15:45,BARMY,C6,2018-01-26 06:00:00,2018-01-26 06:00:00,2.0,2018-01-26 04:46:33,2018-01-26 05:32:57,2018-01-26 05:55:00,1.0,2018-01-26 04:45:20,2018-01-26 05:55:15,,,,,,,IDAC,,,,,,,False,False,TMA,570453.0,False,False,39.485277777777796,UNSET,KCLT./.RDU027019..PXT.KORRY4.KLGA/1222,,OFF,2018-01-26 06:59:52,PROCEED_TO_SPOT,2018-01-26 05:59:53,ASDEX,RAMP_TAXI_OUT,2018-01-26 04:00:01,2018-01-26 05:55:02,2018-01-26 05:59:02,2018-01-26 06:00:59,2018-01-26 06:02:44,2018-01-26 06:04:37,,,,,,,,,,,False,,2018-01-26 05:55:02,-291.0,,,,2018-01-26 05:59:01,,,,,,,,298.0,298.0,299.0,2018-01-26 06:00:00,2018-01-26 06:00:00,652.0,198.0,2018-01-26 11:00:00,,,,2018-01-26 10:55:01,2018-01-26 10:59:57,,,,,,,,,,,,,,,,,,,,,,,,,,,,,,,,,,,,,,,,,,,,,,,,,,,,,,,,,,,,,,,,,,,,,,,,,,,,,,,,,,,,,,,,,,,,,,,,,,,,,,,,,,,,10.3986229497578,218.0,198.0,2018-01-26 06:04:36,-280.0,79.0,-280.0,20.0,2018-01-26 06:09:16,2018-01-26 06:03:17,2018-01-26 06:09:16,2018-01-26 06:04:16,2018-01-26 05:55:01,2018-01-26 06:00:00,240.00000000000003,6.349859392289076,357.0,293.0,2018-01-26 06:00:58,2018-01-26 06:05:53,2018-01-26 05:59:54,2018-01-26 06:05:53,2018-01-26 05:59:01,575.0,C6,C_EAST,18L,S_18L,26S,,,,,,,,,,,,,,,,,,,,,,,,,,,,,,,,,,,,,,,,,117.0,218.0,335.0,-176.0,20.0,0.0,20.0,20.0,,,,,,,,,,,,,
AAL2070,AAL2070.ATL.CLT.180121.0916.0055.AIRLINE,True,11138145.0,JET,N740UW,A319,25000.0,KCLT,JONZE,D3,2018-01-26 06:46:00,5217.0,AAL,KATL,,PHIIL,D23,2018-01-26 05:35:00,2018-01-26 05:35:00,,,,2018-01-26 05:29:00,,,,,,,,,,TMA.ZTL.FAA.GOV-SWIM,,,,,,,False,False,AIRLINE,333026.0,False,False,35.2196122,UNSET,KATL./.PDK147016..CAAKE.JONZE2.KCLT/1123,,IN_GATE,2018-01-26 06:55:18,CLEARED_TO_GATE,2018-01-26 05:43:54,TMA,SCHEDULED,2018-01-26 04:20:29,,,,,,2018-01-26 06:06:33,2018-01-26 05:43:57,2018-01-26 06:22:53,2018-01-26 06:27:48,2018-01-26 06:29:30,2018-01-26 06:34:08,,,,,,2018-01-26 06:34:08,,,,,,,,,,,,,,,,,,,,,2018-01-26 10:35:00,,,,,,,,,,,,,,,,,,,,,,,,,,,,,,,,,,,,,,,,,,,,,,,,,,,,,,,,,,,,,,,,,,,,,,,,,,,,,,,,,,,,,,,,,,,,,,,,,2018-01-26 06:33:00,102.0,97.0,93.0,2018-01-26 06:27:47,211.0,184.0,2018-01-26 06:29:29,2018-01-26 06:28:00,2018-01-26 06:29:20,313.0,D3,D_SOUTH,18C,S_18L,11W,,,,,,,,,,,,,,,,,,,,,,,,,,,,,,,,2018-01-26 05:38:00,2018-01-26 05:48:00,2018-01-26 05:42:00,,2018-01-26 06:08:02,18R,JONZE/J,2018-01-26 06:09:09,67,49,A319,0344500N,0813117W,16100.0,329.71344,C,3_S_SIM_VIS,2018-01-25 19:21:02,2018-01-26 05:18:43,3_S_SIM_VIS,,,,,,,,,,,,,,,,,,,,,,,,,,,600.0,-360.0,0.0,0.0,1.0,1275.0,295.0,97.0,97.0,102.0,211.0,27.0,27.0
AAL2105,AAL2105.PIT.CLT.180121.0915.0115.AIRLINE,True,11154913.0,JET,N757UW,A319,11000.0,KCLT,PARQR,C11,2018-01-26 06:51:00,7456.0,AAL,KPIT,,BURGS,B31,2018-01-26 05:15:00,2018-01-26 05:12:17,,,,2018-01-26 05:08:00,,,,,,,,,,,,,,,,,False,False,AIRLINE,336982.0,False,False,35.218486799999994,UNSET,KPIT./.PSK261051..SUZNN.PARQR3.KCLT/1125,,IN_GATE,2018-01-26 06:55:18,,2018-01-26 05:29:46,TFM,SCHEDULED,2018-01-26 04:00:27,,,,,,2018-01-26 06:14:39,2018-01-26 05:29:51,2018-01-26 06:23:09,2018-01-26 06:30:04,2018-01-26 06:31:33,2018-01-26 06:35:46,,,,,,,,,,,,,,,,,,,,,,,,,,,2018-01-26 10:15:00,,,,,,,,,,,,,,,,,,,,,,,,,,,,,,,,,,,,,,,,,,,,,,,,,,,,,,,,,,,,,,,,,,,,,,,,,,,,,,,,,,,,,,,,,,,,,,,,,2018-01-26 06:35:00,89.0,97.0,88.0,2018-01-26 06:30:03,208.0,121.0,2018-01-26 06:31:32,2018-01-26 06:31:06,2018-01-26 06:31:31,297.0,C11,C_WEST,18C,S_18L,11W,,,,,,,,,,,,,,,,,,,,,,,,,,,,,,,,,,,,2018-01-26 06:17:22,18R,PARQR/J,2018-01-26 06:17:08,-14,62,A319,0354219N,0811857W,10600.0,307.31476,C,3_S_SIM_VIS,2018-01-25 19:21:02,2018-01-26 05:18:43,3_S_SIM_VIS,,,,,,,,,,,,,,,,,,,,,,,,,,,,,,,,925.0,415.0,97.0,97.0,89.0,208.0,87.0,87.0
AAL2235,AAL2235.DCA.CLT.180121.0915.0430.AIRLINE,True,11310776.0,JET,N910AN,B738,24000.0,KCLT,CHSLY,B13,2018-01-26 06:55:00,3677.0,AAL,KDCA,,LYH,33,2018-01-26 05:23:00,2018-01-26 05:27:15,,,,2018-01-26 05:29:00,,,,,,,,,,TMA.ZDC.FAA.GOV-SWIM,,,,,,,False,False,AIRLINE,430144.0,False,False,35.21744920000001,UNSET,KDCA./.GVE239051..BLUEJ.CHSLY3.KCLT/1147,,IN_GATE,2018-01-26 06:55:18,,2018-01-26 05:48:38,TFM,SCHEDULED,2018-01-26 04:08:26,,,,,,2018-01-26 06:29:55,2018-01-26 05:49:00,2018-01-26 06:39:45,2018-01-26 06:44:11,2018-01-26 06:47:19,2018-01-26 06:51:41,,,,,,,,,,,,,,,,,,,,,,,,,,,2018-01-26 10:23:00,,,,,,,,,,,,,,,,,,,,,,,,,,,,,,,,,,,,,,,,,,,,,,,,,,,,,,,,,,,,,,,,,,,,,,,,,,,,,,,,,,,,,,,,,,,,,,,,,2018-01-26 06:50:00,188.0,237.00000000000003,193.0,2018-01-26 06:44:10,162.0,168.0,2018-01-26 06:47:18,2018-01-26 06:47:33,2018-01-26 06:47:23,350.0,B13,B_SOUTH_WEST,18L,S_18L,24,,,,,,,,,,,,,,,,,,,,,,,,,,,,,,,,,,,,2018-01-26 06:30:56,18L,CHSLY/J,2018-01-26 06:29:27,-89,-9,B738,0354829N,0802622W,12400.0,326.4247,L,3_S_SIM_VIS,2018-01-25 19:21:02,2018-01-26 05:18:43,3_S_SIM_VIS,,,,,,,,,,,,,,,,,,,,,,,,,,,,,,,,856.0,266.0,237.0,237.0,188.0,162.0,-6.0,0.0
AAL2620,AAL2620.BWI.CLT.180121.0915.0030.AIRLINE,True,11272884.0,JET,N873NN,B738,13000.0,KCLT,CHSLY,D7,2018-01-26 06:41:00,531.0,AAL,KBWI,,LYH,C3,2018-01-26 05:09:00,2018-01-26 05:08:58,,,,2018-01-26 05:03:00,,,,,,,,,,,,,,,,,False,False,AIRLINE,377871.0,False,False,35.2196923,UNSET,KBWI./.GVE336006..BLUEJ.CHSLY3.KCLT/1123,,IN_GATE,2018-01-26 06:55:18,,2018-01-26 05:18:50,TFM,SCHEDULED,2018-01-26 04:06:27,,,,,,2018-01-26 06:01:02,2018-01-26 05:19:06,2018-01-26 06:11:39,2018-01-26 06:17:03,2018-01-26 06:20:13,2018-01-26 06:24:01,,,,,,,,,,,,,,,,,,,,,,,,,,,2018-01-26 10:09:00,,,,,,,,,,,,,,,,,,,,,,,,,,,,,,,,,,,,,,,,,,,,,,,,,,,,,,,,,,,,,,,,,,,,,,,,,,,,,,,,,,,,,,,,,,,,,,,,,2018-01-26 06:22:00,190.0,158.0,188.0,2018-01-26 06:17:02,108.0,65.0,2018-01-26 06:20:12,2018-01-26 06:18:54,2018-01-26 06:20:10,298.0,D7,D_SOUTH,18L,S_18L,24,,,,,,,,,,,,,,,,,,,,,,,,,,,,,,,,,,,,2018-01-26 06:01:54,18L,CHSLY/J,2018-01-26 06:03:53,119,-3,B738,0354837N,0802625W,13300.0,351.49994,L,3_S_SIM_VIS,2018-01-25 19:21:02,2018-01-26 05:18:43,3_S_SIM_VIS,,,,,,,,,,,,,,,,,,,,,,,,,,,,,,,,961.0,324.0,158.0,158.0,190.0,108.0,43.0,43.0
AAL2622,AAL2622.EWR.CLT.180121.0915.0033.AIRLINE,True,11377148.0,JET,N976AN,B738,13000.0,KCLT,CHSLY,B16,2018-01-26 06:56:00,3322.0,AAL,KEWR,,BIGGY,33,2018-01-26 05:00:00,2018-01-26 04:57:20,,,,2018-01-26 04:56:00,,,,,,,,,,,,,,,,,False,False,AIRLINE,458119.0,False,False,35.217125,UNSET,KEWR./.GVE235027..BLUEJ.CHSLY3.KCLT/1129,,IN_GATE,2018-01-26 06:55:18,,2018-01-26 05:08:13,TFM,SCHEDULED,2018-01-26 04:41:01,,,,,,2018-01-26 06:11:43,2018-01-26 05:08:18,2018-01-26 06:22:09,2018-01-26 06:28:12,2018-01-26 06:31:54,2018-01-26 06:36:41,,,,,,,,,,,,,,,,,,,,,,,,,,,2018-01-26 10:00:00,,,,,,,,,,,,,,,,,,,,,,,,,,,,,,,,,,,,,,,,,,,,,,,,,,,,,,,,,,,,,,,,,,,,,,,,,,,,,,,,,,,,,,,,,,,,,,,,,2018-01-26 06:36:00,222.0,237.00000000000003,333.0,2018-01-26 06:28:11,247.00000000000003,0.0,2018-01-26 06:31:53,2018-01-26 06:31:31,2018-01-26 06:33:44,469.00000000000006,B16,B_SOUTH,18L,S_18L,24,,,,,,,,,,,,,,,,,,,,,,,,,,,,,,,,,,,,2018-01-26 06:12:45,18L,CHSLY/J,2018-01-26 06:14:13,88,87,B738,0354838N,0802614W,12500.0,297.47675,L,3_S_SIM_VIS,2018-01-25 19:21:02,2018-01-26 05:18:43,3_S_SIM_VIS,,,,,,,,,,,,,,,,,,,,,,,,,,,,,,,,989.0,363.0,237.0,237.0,222.0,247.0,,
AAL476,AAL476.SMF.CLT.180120.0915.0190.AIRLINE,True,10515265.0,JET,N128UW,A320,11000.0,KCLT,FILPZ,C17,2018-01-26 06:09:00,3231.0,AAL,KSMF,,RALEY,A2,2018-01-26 01:30:00,2018-01-26 01:30:18,,,,2018-01-26 01:28:00,,,,,,,,,,,,,,,,,False,False,AIRLINE,309897.0,False,False,35.2174759,UNSET,KSMF./.LBL208045..BNA..TAZZA.FILPZ3.KCLT/1050,,IN_GATE,2018-01-26 06:55:18,,2018-01-26 03:59:54,TMA,ENROUTE,,,,,,,2018-01-26 05:29:21,2018-01-26 04:00:21,2018-01-26 05:40:00,2018-01-26 05:44:11,2018-01-26 05:46:51,2018-01-26 05:49:53,,,,,,,,,,,,,,,,,,,,,,,,,,,2018-01-26 06:30:00,,,,,,,,,,,,,,,,,,,,,,,,,,,,,,,,,,,,,,,,,,,,,,,,,,,,,,,,,,,,,,,,,,,,,,,,,,,,,,,,,,,,,,,,,,,,,,,,,2018-01-26 05:48:00,160.0,158.0,155.0,2018-01-26 05:44:10,70.0,91.0,2018-01-26 05:46:50,2018-01-26 05:46:01,2018-01-26 05:46:45,230.00000000000003,C17,C_WEST,18L,S_Normal,24,,,,,,,,,,,,,,,,,,,,,,,,,,,,,,,,,,,,2018-01-26 05:30:40,23,FILPZ/J,2018-01-26 05:39:28,528,-8,A320,0353046N,0814245W,12800.0,325.32156,L,3_S_SIM_VIS,2018-01-25 19:21:02,2018-01-26 05:18:43,3_S_SIM_VIS,,,,,,,,,,,,,,,,,,,,,,,,,,,,,,,,890.0,251.0,158.0,158.0,160.0,70.0,-21.0,0.0
AAL507,AAL507.LAS.CLT.180120.0915.0225.AIRLINE,True,10945785.0,JET,N551UW,A321,11000.0,KCLT,FILPZ,B10,2018-01-26 06:10:00,7317.0,AAL,KLAS,,STAAV,D9,2018-01-26 02:01:00,2018-01-26 01:57:25,,,,2018-01-26 01:58:00,,,,,,,,,,,,,,,,,False,False,AIRLINE,368084.0,False,False,35.2182236,UNSET,KLAS./.EOS201029..TAZZA.FILPZ3.KCLT/1042,,IN_GATE,2018-01-26 06:55:18,,2018-01-26 03:59:42,TMA,ENROUTE,,,,,,,2018-01-26 05:27:57,2018-01-26 04:00:21,2018-01-26 05:38:27,2018-01-26 05:42:23,2018-01-26 05:45:08,2018-01-26 05:48:51,,,,,,,,,,,,,,,,,,,,,,,,,,,2018-01-26 07:01:00,,,,,,,,,,,,,,,,,,,,,,,,,,,,,,,,,,,,,,,,,,,,,,,,,,,,,,,,,,,,,,,,,,,,,,,,,,,,,,,,,,,,,,,,,,,,,,,,,2018-01-26 05:48:00,165.0,237.00000000000003,172.0,2018-01-26 05:42:22,173.0,123.0,2018-01-26 05:45:07,2018-01-26 05:45:58,2018-01-26 05:45:14,338.0,B10,B_EAST,18L,S_Normal,24,,,,,,,,,,,,,,,,,,,,,,,,,,,,,,,,,,,,2018-01-26 05:29:13,23,FILPZ/J,2018-01-26 05:30:31,78,-6,A321,0353042N,0814231W,12400.0,332.10892,L,3_S_SIM_VIS,2018-01-25 19:21:02,2018-01-26 05:18:43,3_S_SIM_VIS,,,,,,,,,,,,,,,,,,,,,,,,,,,,,,,,866.0,236.0,237.0,237.0,165.0,173.0,50.0,50.0
AAL584,AAL584.SAN.CLT.180120.0915.0364.AIRLINE,True,10970762.0,JET,N576UW,A321,11000.0,KCLT,FILPZ,B5,2018-01-26 06:01:00,7237.0,AAL,KSAN,,IPL,24,2018-01-26 01:39:00,2018-01-26 01:39:43,,,,2018-01-26 01:32:00,,,,,,,,,,,,,,,,,False,False,AIRLINE,310030.0,False,False,35.21928029999999,UNSET,KSAN./.RZC152048..TAZZA.FILPZ3.KCLT/1037,,IN_GATE,2018-01-26 06:55:18,,2018-01-26 03:59:53,TMA,ENROUTE,,,,,,,2018-01-26 05:20:39,2018-01-26 04:02:41,2018-01-26 05:30:25,2018-01-26 05:34:21,2018-01-26 05:36:50,2018-01-26 05:40:06,,,,,,,,,,,,,,,,,,,,,,,,,,,2018-01-26 06:39:00,,,,,,,,,,,,,,,,,,,,,,,,,,,,,,,,,,,,,,,,,,,,,,,,,,,,,,,,,,,,,,,,,,,,,,,,,,,,,,,,,,,,,,,,,,,,,,,,,2018-01-26 05:39:00,149.0,237.00000000000003,150.0,2018-01-26 05:34:20,131.0,216.0,2018-01-26 05:36:49,2018-01-26 05:37:45,2018-01-26 05:36:50,280.0,B5,B_WEST,18L,S_Normal,25,,,,,,,,,,,,,,,,,,,,,,,,,,,,,,,,,,,,2018-01-26 05:21:43,23,FILPZ/J,2018-01-26 05:21:47,4,-12,A321,0353042N,0814238W,13000.0,397.86627,L,3_S_SIM_VIS,2018-01-25 19:21:02,2018-01-26 05:18:43,3_S_SIM_VIS,,,,,,,,,,,,,,,,,,,,,,,,,,,,,,,,822.0,236.0,237.0,237.0,149.0,131.0,-85.0,0.0
AAL624,AAL624.SEA.CLT.180120.0915.0968.AIRLINE,True,10972664.0,JET,N578UW,A321,11000.0,KCLT,PARQR,B4,2018-01-26 06:02:00,3557.0,AAL,KSEA,,BLUIT,D8,2018-01-26 01:15:00,2018-01-26 01:15:12,,,,2018-01-26 01:12:00,,,,,,,,,,,,,,,,,False,False,AIRLINE,405055.0,False,False,35.2193947,UNSET,KSEA./.FLM173014..SUZNN.PARQR3.KCLT/1049,,IN_GATE,2018-01-26 06:55:19,,2018-01-26 03:59:42,TFM,ENROUTE,,,,,,,2018-01-26 05:38:57,2018-01-26 04:03:01,2018-01-26 05:47:15,2018-01-26 05:52:46,2018-01-26 05:56:09,2018-01-26 05:59:35,,,,,,,,,,,,,,,,,,,,,,,,,,,2018-01-26 06:15:00,,,,,,,,,,,,,,,,,,,,,,,,,,,,,,,,,,,,,,,,,,,,,,,,,,,,,,,,,,,,,,,,,,,,,,,,,,,,,,,,,,,,,,,,,,,,,,,,,2018-01-26 05:58:00,203.0,237.00000000000003,208.0,2018-01-26 05:52:45,112.0,143.0,2018-01-26 05:56:08,2018-01-26 05:56:18,2018-01-26 05:56:13,315.0,B4,B_EAST,18L,S_Normal,24,,,,,,,,,,,,,,,,,,,,,,,,,,,,,,,,,,,,2018-01-26 05:41:22,23,PARQR/J,2018-01-26 05:41:27,5,-12,A321,0354217N,0811856W,10700.0,318.08347,L,3_S_SIM_VIS,2018-01-25 19:21:02,2018-01-26 05:18:43,3_S_SIM_VIS,,,,,,,,,,,,,,,,,,,,,,,,,,,,,,,,829.0,331.0,237.0,237.0,203.0,112.0,-31.0,0.0
AAL688,AAL688.CLT.DFW.180121.0915.0094.AIRLINE,False,11374755.0,JET,N973UY,A321,34000.0,KDFW,BEREE,A37,2018-01-26 08:56:00,3145.0,AAL,KCLT,2018-01-26 06:16:38,DEBIE,C13,2018-01-26 06:00:00,2018-01-26 05:58:49,0.0,2018-01-26 05:30:12,2018-01-26 05:30:12,2018-01-26 05:51:00,1.0,2018-01-26 04:46:41,2018-01-26 05:51:32,,,,,,,,,,,,,,False,False,TMA,779302.0,False,False,33.6691666666667,UNSET,KCLT./.GHJ237015..DEBIE.ESTRR3.IPTAY..CHOPZ..ATL..VUZ.J52.SQS..YUYUN.BEREE1.KDFW/1338,,OFF,2018-01-26 06:59:58,PROCEED_TO_SPOT,2018-01-26 06:03:12,ASDEX,RAMP_TAXI_OUT,2018-01-26 04:00:01,2018-01-26 05:54:13,2018-01-26 06:02:16,2018-01-26 06:05:09,2018-01-26 06:06:40,2018-01-26 06:07:53,,,,,,,,,,,False,,2018-01-26 05:54:13,-539.0,,,,2018-01-26 06:02:16,,,,,,,,276.0,347.0,348.0,2018-01-26 05:58:49,2018-01-26 05:51:00,806.0,196.0,2018-01-26 11:00:00,,,,2018-01-26 10:54:12,2018-01-26 11:03:15,,,,,,,,,,,,,,,,,,,,,,,,,,,,,,,,,,,,,,,,,,,,,,,,,,,,,,,,,,,,,,,,,,,,,,,,,,,,,,,,,,,,,,,,,,,,,,,,,,,,,,,,,,,,13.822559774678052,164.0,196.0,2018-01-26 06:07:52,-206.0,11.0,-206.0,-32.0,2018-01-26 06:11:18,2018-01-26 06:07:41,2018-01-26 06:11:18,2018-01-26 06:08:24,2018-01-26 05:54:12,2018-01-26 05:58:49,483.00000000000006,3.4556399436695124,656.0,606.0,2018-01-26 06:05:08,2018-01-26 06:07:38,2018-01-26 06:04:18,2018-01-26 06:07:38,2018-01-26 06:02:15,820.0,C13,C_WEST,18L,S_18L,26S,,,,,,,,,,,,,,,,,,,,,,,,,,,,,,,,,,,,,,,,,173.0,164.0,337.0,-433.0,-32.0,0.0,0.0,0.0,,,,,,,,,,,,,
AAL696,AAL696.LAX.CLT.180120.0915.0186.AIRLINE,True,10572123.0,JET,N184US,A321,11000.0,KCLT,FILPZ,B7,2018-01-26 06:38:00,1010.0,AAL,KLAX,,IPL,53B,2018-01-26 01:55:00,2018-01-26 02:04:29,,,,2018-01-26 01:59:00,,,,,,,,,,,,,,,,,False,False,AIRLINE,387009.0,False,False,35.2188187,UNSET,KLAX./.ARG..BNA..TAZZA.FILPZ3.KCLT/1120,,IN_GATE,2018-01-26 06:55:19,,2018-01-26 03:59:55,TFM,ENROUTE,,,,,,,2018-01-26 06:06:45,2018-01-26 04:18:15,2018-01-26 06:18:15,2018-01-26 06:22:54,2018-01-26 06:26:05,2018-01-26 06:30:31,,,,,,,,,,,,,,,,,,,,,,,,,,,2018-01-26 06:55:00,,,,,,,,,,,,,,,,,,,,,,,,,,,,,,,,,,,,,,,,,,,,,,,,,,,,,,,,,,,,,,,,,,,,,,,,,,,,,,,,,,,,,,,,,,,,,,,,,2018-01-26 06:29:00,191.0,97.0,207.0,2018-01-26 06:22:53,176.0,103.0,2018-01-26 06:26:04,2018-01-26 06:23:47,2018-01-26 06:26:20,367.0,B7,B_WEST,18C,S_18L,12S,,,,,,,,,,,,,,,,,,,,,,,,,,,,,,,,,,,,2018-01-26 06:08:07,18R,FILPZ/J,2018-01-26 06:06:49,-78,74,A321,0353043N,0814243W,13200.0,322.84592,C,3_S_SIM_VIS,2018-01-25 19:21:02,2018-01-26 05:18:43,3_S_SIM_VIS,,,,,,,,,,,,,,,,,,,,,,,,,,,,,,,,969.0,279.0,97.0,97.0,191.0,176.0,73.0,73.0
AAL833,AAL833.SLC.CLT.180121.0915.0329.AIRLINE,True,11057157.0,JET,N661AW,A320,11000.0,KCLT,FILPZ,C14,2018-01-26 06:38:00,6072.0,AAL,KSLC,,EKR,A3,2018-01-26 02:50:00,2018-01-26 02:49:26,,,,2018-01-26 02:41:00,,,,,,,,,,,,,,,,,False,False,AIRLINE,170862.0,False,False,35.21796,UNSET,KSLC./.VIH221037..TAZZA.FILPZ3.KCLT/1119,,IN_GATE,2018-01-26 06:55:19,,2018-01-26 03:59:47,TMA,ENROUTE,,,,,,,2018-01-26 05:59:22,2018-01-26 04:14:51,2018-01-26 06:09:52,2018-01-26 06:14:10,2018-01-26 06:16:02,2018-01-26 06:17:43,,,,,,,,,,,,,,,,,,,,,,,,,,,2018-01-26 07:50:00,,,,,,,,,,,,,,,,,,,,,,,,,,,,,,,,,,,,,,,,,,,,,,,,,,,,,,,,,,,,,,,,,,,,,,,,,,,,,,,,,,,,,,,,,,,,,,,,,2018-01-26 06:16:00,112.0,158.0,112.0,2018-01-26 06:14:09,-1.0,31.000000000000004,2018-01-26 06:16:01,2018-01-26 06:15:54,2018-01-26 06:16:01,111.0,C14,C_EAST,18L,S_18L,24,,,,,,,,,,,,,,,,,,,,,,,,,,,,,,,,,,,,2018-01-26 06:00:40,18R,FILPZ/J,2018-01-26 06:03:21,161,-9,A320,0353042N,0814231W,12300.0,325.13504,,3_S_SIM_VIS,2018-01-25 19:21:02,2018-01-26 05:18:43,3_S_SIM_VIS,,,,,,,,,,,,,,,,,,,,,,,,,,,,,,,,888.0,258.0,,,,,,
AAL897,AAL897.ORF.CLT.180121.0915.0497.AIRLINE,True,11217632.0,JET,N819AW,A319,22000.0,KCLT,CHSLY,C13,2018-01-26 06:50:00,3632.0,AAL,KORF,,,A4,2018-01-26 05:25:00,2018-01-26 05:20:46,,,,2018-01-26 05:15:00,,,,,,,,,,,,,,,,,False,False,AIRLINE,447707.0,False,False,35.2183228,UNSET,KORF..COUPN.CHSLY3.KCLT/1137,,IN_GATE,2018-01-26 06:55:19,CLEARED_TO_GATE,2018-01-26 05:40:01,TFM,SCHEDULED,2018-01-26 04:10:26,,,,,,2018-01-26 06:15:50,2018-01-26 05:40:18,2018-01-26 06:27:16,2018-01-26 06:33:13,2018-01-26 06:38:35,2018-01-26 06:41:13,,,,,,2018-01-26 06:41:11,,,,,,,,,,,,,,,,,,,,,2018-01-26 10:25:00,,,,,,,,,,,,,,,,,,,,,,,,,,,,,,,,,,,,,,,,,,,,,,,,,,,,,,,,,,,,,,,,,,,,,,,,,,,,,,,,,,,,,,,,,,,,,,,,,2018-01-26 06:40:00,322.0,158.0,319.0,2018-01-26 06:33:12,86.0,113.0,2018-01-26 06:38:34,2018-01-26 06:34:42,2018-01-26 06:38:31,408.0,C13,C_WEST,18L,S_18L,24,,,,,,,,,,,,,,,,,,,,,,,,,,,,,,,,,,,,2018-01-26 06:17:05,18L,CHSLY/J,2018-01-26 06:17:07,2,260,A319,0354826N,0802622W,13300.0,304.48758,L,3_S_SIM_VIS,2018-01-25 19:21:02,2018-01-26 05:18:43,3_S_SIM_VIS,,,,,,,,,,,,,,,,,,,,,,,,,,,,,,,,1043.0,357.0,158.0,158.0,322.0,86.0,-27.0,0.0
AAL898,AAL898.SFO.CLT.180120.0915.0880.AIRLINE,True,10953393.0,JET,N559UW,A321,11000.0,KCLT,FILPZ,B6,2018-01-26 06:13:00,3267.0,AAL,KSFO,,SYRAH,45A,2018-01-26 01:20:00,2018-01-26 01:19:01,,,,2018-01-26 01:18:00,,,,,,,,,,,,,,,,,False,False,AIRLINE,364177.0,False,False,35.21898270000001,UNSET,KSFO./.BRK..KK45G..BNA..TAZZA.FILPZ3.KCLT/1048,,IN_GATE,2018-01-26 06:55:19,,2018-01-26 04:00:00,TMA,ENROUTE,,,,,,,2018-01-26 05:36:21,2018-01-26 04:01:01,2018-01-26 05:47:15,2018-01-26 05:51:16,2018-01-26 05:54:37,2018-01-26 05:58:13,,,,,,,,,,,,,,,,,,,,,,,,,,,2018-01-26 06:20:00,,,,,,,,,,,,,,,,,,,,,,,,,,,,,,,,,,,,,,,,,,,,,,,,,,,,,,,,,,,,,,,,,,,,,,,,,,,,,,,,,,,,,,,,,,,,,,,,,2018-01-26 05:57:00,201.0,237.00000000000003,331.0,2018-01-26 05:51:15,144.0,0.0,2018-01-26 05:54:36,2018-01-26 05:54:36,2018-01-26 05:56:46,345.0,B6,B_EAST,18L,S_Normal,24,,,,,,,,,,,,,,,,,,,,,,,,,,,,,,,,,,,,2018-01-26 05:37:44,23,FILPZ/J,2018-01-26 05:37:56,12,-1,A321,0353043N,0814247W,13100.0,326.24963,L,3_S_SIM_VIS,2018-01-25 19:21:02,2018-01-26 05:18:43,3_S_SIM_VIS,,,,,,,,,,,,,,,,,,,,,,,,,,,,,,,,895.0,241.0,237.0,237.0,201.0,144.0,,
ASH6238,ASH238L.CLT.IAD.180125.1100.0254.TFM,False,10912744.0,JET,N519LR,CRJ7,13000.0,KIAD,CAVLR,,2018-01-26 07:19:00,2505.0,ASH,KCLT,2018-01-26 06:20:48,KILNS,A11,2018-01-26 06:00:00,,,,,,,,,,,,,,,IDAC,,,,,,,False,False,TMA,822701.0,False,False,38.8488888888889,UNSET,KCLT.KILNS3.AUDII..DORRN.CAVLR3.KIAD/1201,,OFF,2018-01-26 06:59:54,PROCEED_TO_SPOT,2018-01-26 05:59:04,ASDEX,PUSHBACK,2018-01-26 04:00:01,2018-01-26 05:56:12,2018-01-26 06:02:47,2018-01-26 06:07:01,2018-01-26 06:08:09,2018-01-26 06:10:37,,,,,,,,,,,False,,2018-01-26 05:56:12,-172.0,,,,2018-01-26 06:02:47,,,,,,,,,,229.00000000000003,,,556.0,201.0,2018-01-26 11:00:00,,,,2018-01-26 10:56:11,2018-01-26 11:00:40,,,,,,,,,,,,,,,,,,,,,,,,,,,,,,,,,,,,,,,,,,,,,,,,,,,,,,,,,,,,,,,,,,,,,,,,,,,,,,,,,,,,,,,,,,,,,,,,,,,,,,,,,,,,10.494906495588891,216.0,201.0,2018-01-26 06:10:36,106.0,-44.0,106.0,15.000000000000002,2018-01-26 06:08:50,2018-01-26 06:11:20,2018-01-26 06:08:50,2018-01-26 06:10:21,2018-01-26 05:56:11,2018-01-26 05:55:10,395.0,3.492911869102004,649.0,706.0,2018-01-26 06:07:00,2018-01-26 06:05:27,2018-01-26 06:07:57,2018-01-26 06:05:27,2018-01-26 06:02:46,865.0,A11,A_WEST,18L,S_18L,26S,,,,,,,,,,,,,,,,,,,,,,,,,,,,,,,,,,,,,,,,,254.0,216.0,470.0,-452.0,15.0,0.0,15.0,15.0,,,,,,,,,,,,,
ATN3881,ATN3881.ONT.CLT.180126.0500.0031.TFM,True,10701472.0,JET,N311AZ,B763,11000.0,KCLT,FILPZ,,,1001.0,ATN,KONT,,,,2018-01-26 01:30:00,,,,,,,,,,,,,,,,,,,,,,False,False,AIRLINE,950074.0,False,False,35.2032815,UNSET,KONT./.RZC..ARG.J46.VXV..COMDY.FILPZ3.KCLT/1009,,IN_GATE,2018-01-26 06:55:19,,2018-01-26 03:59:51,TMA,ENROUTE,,,,,,,2018-01-26 04:56:33,2018-01-26 04:07:01,2018-01-26 05:07:26,2018-01-26 05:12:21,2018-01-26 05:14:17,2018-01-26 05:28:41,,,,,,,,,,,,,,,,,,,,,,,,,,,2018-01-26 06:30:00,,,,,,,,,,,,,,,,,,,,,,,,,,,,,,,,,,,,,,,,,,,,,,,,,,,,,,,,,,,,,,,,,,,,,,,,,,,,,,,,,,,,,,,,,,,,,,,,,2018-01-26 05:28:30,116.0,126.0,349.0,2018-01-26 05:12:20,854.0,20.0,2018-01-26 05:14:16,2018-01-26 05:13:04,2018-01-26 05:18:09,970.0,SC1,SOUTH_CARGO,18L,S_Normal,SC_1,,,,,,,,,,,,,,,,,,,,,,,,,,,,,,,,,,,,2018-01-26 04:57:56,18R,FILPZ/J,2018-01-26 04:59:42,106,-11,B763,0353041N,0814237W,13200.0,323.62738,L,3_S_SIM_VIS,2018-01-25 19:21:02,2018-01-26 05:18:43,3_S_SIM_VIS,,,,,,,,,,,,,,,,,,,,,,,,,,,,,,,,948.0,295.0,126.0,126.0,116.0,854.0,834.0,834.0
DAL823,DAL823.CLT.ATL.180125.1105.0093.TFM,False,11395473.0,JET,N994AT,B712,24000.0,KATL,OZZZI,C33,2018-01-26 07:23:00,5170.0,DAL,KCLT,2018-01-26 06:30:45,BOBZY,A5,2018-01-26 06:05:00,2018-01-26 06:00:00,0.0,2018-01-26 06:00:14,2018-01-26 06:00:14,2018-01-26 06:05:00,0.0,2018-01-26 06:00:16,2018-01-26 06:00:16,,,,,2018-01-26 06:20:00,1.0,TMA.ZTL.FAA.GOV-SWIM,SCHEDULED,IN_QUEUE,2018-01-26 05:59:41,2018-01-26 06:13:41,2018-01-26 06:11:30,2018-01-26 06:05:00,False,False,TMA,1296262.0,False,False,33.7277777777778,UNSET,KCLT.BOBZY3.TNSLY..LEAVI.OZZZI1.KATL/1204,,OFF,2018-01-26 06:59:59,PROCEED_TO_SPOT,2018-01-26 06:06:05,ASDEX,RAMP_TAXI_OUT,2018-01-26 04:05:01,2018-01-26 06:00:12,2018-01-26 06:05:29,2018-01-26 06:11:48,2018-01-26 06:12:53,2018-01-26 06:22:13,,,,,,,,,,,False,,2018-01-26 06:00:12,-353.0,,,,2018-01-26 06:05:29,,,,,,,,288.0,288.0,289.0,2018-01-26 06:05:00,2018-01-26 06:05:00,944.0,198.0,2018-01-26 11:05:00,,,,2018-01-26 11:00:11,2018-01-26 11:06:09,,,,,,,,,,,,,,,,,,,,,,,,,,,,,,,,,,,,,,,,,,,,,,,,,,,,,,,,,,,,,,,,,,,,,,,,,,,,,,,,,,,,,,,,,,,,,,,,,,,,,,,,,,,,3.6270396848755198,625.0,198.0,2018-01-26 06:22:12,173.0,453.0,173.0,427.0,2018-01-26 06:19:19,2018-01-26 06:14:39,2018-01-26 06:19:19,2018-01-26 06:15:05,2018-01-26 06:00:11,2018-01-26 06:05:00,317.0,3.2570399469068967,696.0,664.0,2018-01-26 06:11:47,2018-01-26 06:15:55,2018-01-26 06:11:15,2018-01-26 06:15:55,2018-01-26 06:05:28,1321.0,A5,A_NORTH,18L,S_18L,26S,,,,,,,,,,,,,,,,,,,,,,,2018-01-26 05:59:33,2018-01-26 06:20:00,2018-01-26 06:20:00,2018-01-26 06:22:40,2018-01-26 06:22:00,120.0,0.0,0.0,1.0,1.0,0.0,ZTL,1.0,1.0,0.0,0.0,-289.0,17.0,379.0,625.0,1004.0,-285.0,427.0,0.0,427.0,427.0,,,,,,,,,,,,,
EDV3413,EDV3413.CLT.MSP.180125.1100.0206.TFM,False,11317003.0,JET,N916XJ,CRJ9,34000.0,KMSP,KKILR,,2018-01-26 09:00:00,2014.0,EDV,KCLT,2018-01-26 06:36:13,JOJJO,A8,2018-01-26 06:00:00,,,,,2018-01-26 06:00:00,0.0,2018-01-26 05:54:07,2018-01-26 05:54:07,,,,,,,,,,,,,,False,False,TMA,1730604.0,False,False,37.2413888888889,UNSET,KCLT./.SLP044015..CUBIM.Q50.IIU.J89.OBK..KAMMA.KKILR3.KMSP/1346,,OFF,2018-01-26 06:59:54,PROCEED_TO_SPOT,2018-01-26 06:03:00,ASDEX,RAMP_TAXI_OUT,2018-01-26 04:00:01,2018-01-26 05:57:48,2018-01-26 06:02:20,2018-01-26 06:04:42,2018-01-26 06:23:50,2018-01-26 06:26:43,,,,,,,,,,,False,,2018-01-26 05:57:48,-312.0,,,,2018-01-26 06:02:19,,,,,,,,,,133.0,,,479.0,439.0,2018-01-26 11:00:00,,,,2018-01-26 10:57:47,2018-01-26 11:03:04,,,,,,,,,,,,,,,,,,,,,,,,,,,,,,,,,,,,,,,,,,,,,,,,,,,,,,,,,,,,,,,,,,,,,,,,,,,,,,,,,,,,,,,,,,,,,,,,,,,,,,,,,,,,1.7160482990516277,1321.0,439.0,2018-01-26 06:26:42,1036.0,972.0,1036.0,882.0,2018-01-26 06:09:26,2018-01-26 06:10:30,2018-01-26 06:09:26,2018-01-26 06:12:00,2018-01-26 05:57:47,2018-01-26 06:00:00,272.0,5.475603389002899,414.0,560.0,2018-01-26 06:04:41,2018-01-26 06:05:46,2018-01-26 06:07:07,2018-01-26 06:05:46,2018-01-26 06:02:19,1735.0,A8,A_SOUTH,18L,S_18L,12S,,,,,,,,,,,,,,,,,,,,,,,,,,,,,,,,,,,,,,,,,142.0,1321.0,1463.0,-418.0,882.0,0.0,882.0,882.0,,,,,,,,,,,,,
FDX1492,FDX1492.MEM.CLT.180125.1029.0065.TFM,True,10944493.0,JET,N550FE,DC10,11000.0,KCLT,FILPZ,,,5673.0,FDX,KMEM,,AZONE,,2018-01-26 04:24:00,,,,,2018-01-26 04:24:00,,,,,,,,,,,,,,,,,False,False,AIRLINE,438025.0,False,False,35.21147,UNSET,KMEM./.MEM088045..FILPZ.FILPZ3.KCLT/1109,,IN_GATE,2018-01-26 06:55:19,,2018-01-26 04:59:25,TFM,ENROUTE,2018-01-26 04:39:01,,,,,,2018-01-26 05:48:27,2018-01-26 04:59:36,2018-01-26 05:59:01,2018-01-26 06:03:03,2018-01-26 06:07:03,2018-01-26 06:10:32,,,,,,,,,,,,,,,,,,,,,,,,,,,2018-01-26 09:24:00,,,,,,,,,,,,,,,,,,,,,,,,,,,,,,,,,,,,,,,,,,,,,,,,,,,,,,,,,,,,,,,,,,,,,,,,,,,,,,,,,,,,,,,,,,,,,,,,,2018-01-26 06:10:00,240.00000000000003,147.0,239.00000000000003,2018-01-26 06:03:02,178.0,19.0,2018-01-26 06:07:02,2018-01-26 06:04:54,2018-01-26 06:07:01,418.0,AC1,AIR_CARGO,18L,S_18L,AC_1,,,,,,,,,,,,,,,,,,,,,,,,,,,,,,,,,,,,2018-01-26 05:49:47,18R,FILPZ/J,2018-01-26 05:53:37,230,-10,DC10,0353037N,0814234W,12300.0,322.59158,L,3_S_SIM_VIS,2018-01-25 19:21:02,2018-01-26 05:18:43,3_S_SIM_VIS,,,,,,,,,,,,,,,,,,,,,,,,,,,,,,,,876.0,242.0,147.0,147.0,240.0,178.0,159.0,159.0
FDX1729,FDX1729.IND.CLT.180125.1029.0040.TFM,True,11138754.0,JET,N741FD,A306,11000.0,KCLT,FILPZ,,,4066.0,FDX,KIND,,MAREO,,2018-01-26 04:15:00,,,,,2018-01-26 04:15:00,,,,,,,,,,,,,,,,,False,False,AIRLINE,441971.0,False,False,35.21002199999999,UNSET,KIND./.VHP172016..SKYWA.FILPZ3.KCLT/1034,,IN_GATE,2018-01-26 06:55:19,,2018-01-26 04:27:39,TFM,SCHEDULED,2018-01-26 04:27:31,,,,,,2018-01-26 05:14:27,2018-01-26 04:27:53,2018-01-26 05:25:27,2018-01-26 05:30:21,2018-01-26 05:36:02,2018-01-26 05:38:15,,,,,,,,,,,,,,,,,,,,,,,,,,,2018-01-26 09:15:00,,,,,,,,,,,,,,,,,,,,,,,,,,,,,,,,,,,,,,,,,,,,,,,,,,,,,,,,,,,,,,,,,,,,,,,,,,,,,,,,,,,,,,,,,,,,,,,,,2018-01-26 05:38:00,341.0,130.0,414.0,2018-01-26 05:30:20,119.0,20.0,2018-01-26 05:36:01,2018-01-26 05:31:35,2018-01-26 05:37:14,460.00000000000006,HC1,HOT_CARGO,18L,S_Normal,HC_2,,,,,,,,,,,,,,,,,,,,,,,,,,,,,,,,,,,,2018-01-26 05:15:45,18R,FILPZ/J,2018-01-26 05:21:31,346,-1,A306,0353037N,0814225W,13200.0,321.48273,L,3_S_SIM_VIS,2018-01-25 19:21:02,2018-01-26 05:18:43,3_S_SIM_VIS,,,,,,,,,,,,,,,,,,,,,,,,,,,,,,,,954.0,294.0,130.0,130.0,341.0,119.0,99.0,99.0
FFT198,FFT198.DEN.CLT.180125.0650.0026.TFM,True,11321015.0,JET,N920FR,A319,11000.0,KCLT,FILPZ,A2,2018-01-26 05:10:00,1402.0,FFT,KDEN,,EXTAN,,2018-01-26 01:48:00,,,,,2018-01-26 01:48:00,,,,,,,,,,,,,,,,,False,False,FMC,450041.0,False,False,35.2191811,UNSET,KDEN./.FAM..BWG..TAZZA.FILPZ3.KCLT/0932,,IN_GATE,2018-01-26 06:55:23,,2018-01-26 03:59:53,TMA,ENROUTE,,,,,,,2018-01-26 04:19:21,2018-01-26 04:10:55,2018-01-26 04:30:51,2018-01-26 04:35:51,2018-01-26 04:39:07,2018-01-26 04:44:21,,,,,,,,,,,,,,,,,,,,,,,,,,,2018-01-26 06:48:00,,,,,,,,,,,,,,,,,,,,,,,,,,,,,,,,,,,,,,,,,,,,,,,,,,,,,,,,,,,,,,,,,,,,,,,,,,,,,,,,,,,,,,,,,,,,,,,,,2018-01-26 04:45:00,196.0,237.00000000000003,402.0,2018-01-26 04:35:50,354.0,0.0,2018-01-26 04:39:06,2018-01-26 04:39:07,2018-01-26 04:42:32,550.0,A2,A_SOUTH,18L,S_Normal,24,,,,,,,,,,,,,,,,,,,,,,,,,,,,,,,,,,,,2018-01-26 04:20:44,18R,FILPZ/J,2018-01-26 04:25:00,256,-8,A319,0353042N,0814248W,13100.0,318.3947,L,3_S_SIM_VIS,2018-01-25 19:21:02,2018-01-26 05:18:43,3_S_SIM_VIS,,,,,,,,,,,,,,,,,,,,,,,,,,,,,,,,990.0,300.0,237.0,237.0,196.0,354.0,,
FFT201,FFT201.CLT.DEN.180125.1135.0082.TFM,False,11321015.0,JET,N920FR,A319,36000.0,KDEN,DANDD,,2018-01-26 10:29:00,3143.0,FFT,KCLT,,BOBZY,A2,2018-01-26 06:35:00,,,,,2018-01-26 06:35:00,0.0,2018-01-26 06:31:15,2018-01-26 06:31:15,,,,,,,,,,,,,,False,False,TMA,1107602.0,False,False,35.173333333333304,UNSET,KCLT.BOBZY3.BNA..KK45I..KK48E..OATHE.PURRL2.KDEN/1505,,OFF,2018-01-26 06:59:54,PROCEED_TO_SPOT,2018-01-26 06:39:05,ASDEX,RAMP_TAXI_OUT,2018-01-26 04:35:01,2018-01-26 06:34:09,2018-01-26 06:37:40,2018-01-26 06:43:18,2018-01-26 06:44:48,2018-01-26 06:52:59,,,,,,,,,,,False,,2018-01-26 06:34:09,-296.0,,,,2018-01-26 06:37:40,,,,,,,,,,52.0,,,672.0,198.0,2018-01-26 11:35:00,,,,2018-01-26 11:34:08,2018-01-26 11:39:09,,,,,,,,,,,,,,,,,,,,,,,,,,,,,,,,,,,,,,,,,,,,,,,,,,,,,,,,,,,,,,,,,,,,,,,,,,,,,,,,,,,,,,,,,,,,,,,,,,,,,,,,,,,,3.908447936288276,580.0,198.0,2018-01-26 06:52:57,254.00000000000003,366.0,254.00000000000003,382.0,2018-01-26 06:48:43,2018-01-26 06:46:51,2018-01-26 06:48:43,2018-01-26 06:46:35,2018-01-26 06:34:08,2018-01-26 06:35:00,211.0,4.129143539248087,549.0,560.0,2018-01-26 06:43:17,2018-01-26 06:45:20,2018-01-26 06:43:28,2018-01-26 06:45:20,2018-01-26 06:37:39,1129.0,A2,A_SOUTH,18L,S_18L,26S,,,,,,,,,,,,,,,,,,,,,,,,,,,,,,,,,,,,,,,,,338.0,581.0,919.0,-222.0,383.0,0.0,383.0,383.0,,,,,,,,,,,,,
JIA5048,JIA5048.AVL.CLT.180121.0916.0060.AIRLINE,True,10978813.0,JET,N584NN,CRJ9,11000.0,KCLT,FILPZ,E14A,2018-01-26 07:01:00,5257.0,JIA,KAVL,,,4,2018-01-26 06:00:00,2018-01-26 06:00:00,,,,2018-01-26 06:00:00,,,,,,,,,,TMA.ZTL.FAA.GOV-SWIM,,,,,,,True,False,ASDEX,71800.0,False,False,35.2117,UNSET,KAVL..JJENY.FILPZ3.KCLT/1155,,TAXI_IN,2018-01-26 06:59:59,,2018-01-26 06:34:36,TFM,SCHEDULED,2018-01-26 04:52:01,,,,,,2018-01-26 06:42:39,2018-01-26 06:34:47,2018-01-26 06:53:39,2018-01-26 06:58:34,2018-01-26 07:02:28,2018-01-26 07:07:21,,,,,,,,,,,,,,,,,,,,,,,,,,,2018-01-26 11:00:00,,,,,,,,,,,,,,,,,,,,,,,,,,,,,,,,,,,,,,,,,,,,,,,,,,,,,,,,,,,,,,,,,,,,,,,,,,,,,,,,,,,,,,,,,,,,,,,,,2018-01-26 07:03:00,234.00000000000003,158.0,277.0,2018-01-26 06:58:33,33.0,38.0,2018-01-26 07:02:27,2018-01-26 06:59:52,2018-01-26 07:03:10,267.0,E14A,E_EAST_TIP,18L,S_BE/A/T=18C,27E,,,,,,,,,,,,,,,,,,,,,,,,,,,,,,,,2018-01-26 06:42:00,2018-01-26 06:42:00,2018-01-26 06:34:00,,2018-01-26 06:44:08,18R,FILPZ/J,2018-01-26 06:44:36,28,-11,CRJ9,0353043N,0814238W,11000.0,311.55847,,3_S_SIM_VIS,2018-01-25 19:21:02,2018-01-26 05:18:43,3_S_SIM_VIS,,,,,,,,,,,,,,,,,,,,,,,,,,,0.0,-480.0,0.0,0.0,1.0,955.0,295.0,,,,,,
JIA5073,JIA5073.FAY.CLT.180121.0915.0625.AIRLINE,True,11117794.0,JET,N720PS,CRJ7,14000.0,KCLT,MLLET,E18,2018-01-26 06:56:00,544.0,JIA,KFAY,,,B2,2018-01-26 05:50:00,2018-01-26 05:50:00,,,,2018-01-26 05:47:00,,,,,,,,,,,,,,,,,True,False,AIRLINE,366963.0,False,False,35.2231904,UNSET,KFAY..TORQD.MLLET2.KCLT/1139,,IN_GATE,2018-01-26 06:55:19,,2018-01-26 06:07:32,TFM,ENROUTE,2018-01-26 04:47:01,,,,,,2018-01-26 06:27:03,2018-01-26 06:07:46,2018-01-26 06:42:15,2018-01-26 06:46:24,2018-01-26 06:49:13,2018-01-26 06:52:46,,,,,,,,,,,,,,,,,,,,,,,,,,,2018-01-26 10:50:00,,,,,,,,,,,,,,,,,,,,,,,,,,,,,,,,,,,,,,,,,,,,,,,,,,,,,,,,,,,,,,,,,,,,,,,,,,,,,,,,,,,,,,,,,,,,,,,,,2018-01-26 06:51:00,169.0,158.0,218.0,2018-01-26 06:46:23,108.0,49.0,2018-01-26 06:49:12,2018-01-26 06:47:58,2018-01-26 06:50:01,277.0,E18,E_EAST,18L,S_18L,27E,,,,,,,,,,,,,,,,,,,,,,,,,,,,,,,,,,,,2018-01-26 06:28:40,18L,SE/J,2018-01-26 06:25:08,-212,7,CRJ7,0344802N,0801623W,14000.0,284.6816,L,3_S_SIM_VIS,2018-01-25 19:21:02,2018-01-26 05:18:43,3_S_SIM_VIS,,,,,,,,,,,,,,,,,,,,,,,,,,,,,,,,1161.0,249.0,158.0,158.0,169.0,108.0,59.0,59.0
JIA5122,JIA5122.RIC.CLT.180121.0915.0663.AIRLINE,True,10979764.0,JET,N585NN,CRJ9,13000.0,KCLT,CHSLY,E9,2018-01-26 06:53:00,505.0,JIA,KRIC,,LYH,A8,2018-01-26 05:35:00,2018-01-26 05:35:00,,,,2018-01-26 05:25:00,,,,,,,,,,TMA.ZDC.FAA.GOV-SWIM,,,,,,,False,False,AIRLINE,297897.0,False,False,35.22201,UNSET,KRIC.KALLI3.LYH.CHSLY3.KCLT/1136,,IN_GATE,2018-01-26 06:55:19,,2018-01-26 05:50:02,TFM,SCHEDULED,2018-01-26 04:35:50,,,,,,2018-01-26 06:21:09,2018-01-26 05:50:17,2018-01-26 06:32:13,2018-01-26 06:39:03,2018-01-26 06:42:50,2018-01-26 06:44:57,,,,,,,,,,,,,,,,,,,,,,,,,,,2018-01-26 10:35:00,,,,,,,,,,,,,,,,,,,,,,,,,,,,,,,,,,,,,,,,,,,,,,,,,,,,,,,,,,,,,,,,,,,,,,,,,,,,,,,,,,,,,,,,,,,,,,,,,2018-01-26 06:44:00,227.0,158.0,268.0,2018-01-26 06:39:02,71.0,91.0,2018-01-26 06:42:49,2018-01-26 06:40:38,2018-01-26 06:43:30,298.0,E9,E_SOUTH,18L,S_18L,27E,,,,,,,,,,,,,,,,,,,,,,,,,,,,,,,,,,,,2018-01-26 06:22:11,18L,CHSLY/J,2018-01-26 06:25:13,182,177,CRJ9,0354844N,0802610W,14100.0,325.291,,3_S_SIM_VIS,2018-01-25 19:21:02,2018-01-26 05:18:43,3_S_SIM_VIS,,,,,,,,,,,,,,,,,,,,,,,,,,,,,,,,1074.0,410.0,158.0,158.0,227.0,71.0,-20.0,0.0
JIA5147,JIA5147.AGS.CLT.180121.0915.0730.AIRLINE,True,10894791.0,JET,N501BG,CRJ7,15000.0,KCLT,BANKR,E31,2018-01-26 06:33:00,5205.0,JIA,KAGS,,SAMMI,4,2018-01-26 05:35:00,2018-01-26 05:35:23,,,,2018-01-26 05:33:00,,,,,,,,,,,,,,,,,False,False,AIRLINE,593844.0,False,False,35.22526,UNSET,KAGS..PONZE.BANKR2.KCLT/1125,,IN_GATE,2018-01-26 06:55:19,,2018-01-26 05:56:58,TFM,SCHEDULED,2018-01-26 04:24:01,,,,,,2018-01-26 06:11:43,2018-01-26 05:57:19,2018-01-26 06:30:03,2018-01-26 06:36:17,2018-01-26 06:40:11,2018-01-26 06:46:33,,,,,,,,,,,,,,,,,,,,,,,,,,,2018-01-26 10:35:00,,,,,,,,,,,,,,,,,,,,,,,,,,,,,,,,,,,,,,,,,,,,,,,,,,,,,,,,,,,,,,,,,,,,,,,,,,,,,,,,,,,,,,,,,,,,,,,,,2018-01-26 06:45:00,234.00000000000003,97.0,247.00000000000003,2018-01-26 06:36:16,290.0,318.0,2018-01-26 06:40:10,2018-01-26 06:36:52,2018-01-26 06:40:23,524.0,E31,E_NORTH_EAST,18C,S_18L,12S,,,,,,,,,,,,,,,,,,,,,,,,,,,,,,,,,,,,2018-01-26 06:12:33,18R,BANKR/J,2018-01-26 06:11:09,-84,320,CRJ7,0343508N,0812634W,15000.0,311.84464,,3_S_SIM_VIS,2018-01-25 19:21:02,2018-01-26 05:18:43,3_S_SIM_VIS,,,,,,,,,,,,,,,,,,,,,,,,,,,,,,,,1474.0,374.0,97.0,97.0,234.0,290.0,-28.0,0.0
JIA5190,JIA5190.TYS.CLT.180121.0915.0883.AIRLINE,True,10977862.0,JET,N583NN,CRJ9,11000.0,KCLT,FILPZ,E28,2018-01-26 06:29:00,5174.0,JIA,KTYS,,,10,2018-01-26 05:25:00,2018-01-26 05:25:00,,,,2018-01-26 05:21:00,,,,,,,,,,,,,,,,,False,False,AIRLINE,392133.0,False,False,35.22632,UNSET,KTYS..COMDY.FILPZ3.KCLT/1113,,IN_GATE,2018-01-26 06:55:19,,2018-01-26 05:43:08,TFM,SCHEDULED,2018-01-26 04:20:01,,,,,,2018-01-26 06:00:52,2018-01-26 05:43:21,2018-01-26 06:11:06,2018-01-26 06:15:39,2018-01-26 06:18:34,2018-01-26 06:22:41,,,,,,,,,,,,,,,,,,,,,,,,,,,2018-01-26 10:25:00,,,,,,,,,,,,,,,,,,,,,,,,,,,,,,,,,,,,,,,,,,,,,,,,,,,,,,,,,,,,,,,,,,,,,,,,,,,,,,,,,,,,,,,,,,,,,,,,,2018-01-26 06:28:00,175.0,158.0,222.0,2018-01-26 06:15:38,567.0,121.0,2018-01-26 06:18:33,2018-01-26 06:17:03,2018-01-26 06:19:20,742.0,E28,E_NORTH,18L,S_18L,27E,,,,,,,,,,,,,,,,,,,,,,,,,,,,,,,,,,,,2018-01-26 06:02:12,18R,FILPZ/J,2018-01-26 06:02:53,41,5,CRJ9,0353040N,0814228W,12700.0,320.50784,L,3_S_SIM_VIS,2018-01-25 19:21:02,2018-01-26 05:18:43,3_S_SIM_VIS,,,,,,,,,,,,,,,,,,,,,,,,,,,,,,,,887.0,273.0,158.0,158.0,175.0,567.0,446.0,446.0
JIA5206,JIA5206.MYR.CLT.180121.0915.0756.AIRLINE,True,10975960.0,JET,N581NN,CRJ9,14000.0,KCLT,MLLET,E24,2018-01-26 06:54:00,710.0,JIA,KMYR,,,A2,2018-01-26 05:50:00,2018-01-26 05:50:00,,,,2018-01-26 05:46:00,,,,,,,,,,,,,,,,,False,False,FMC,417824.0,False,False,35.22353370000001,UNSET,KMYR..OKNEE.MLLET2.KCLT/1142,,RAMP_TAXI_IN,2018-01-26 06:59:21,,2018-01-26 06:10:33,TFM,SCHEDULED,2018-01-26 04:45:01,,,,,,2018-01-26 06:30:39,2018-01-26 06:10:40,2018-01-26 06:47:09,2018-01-26 06:52:13,2018-01-26 06:56:16,2018-01-26 07:01:11,,,,,,,,,,,,,,,,,,,,,,,,,,,2018-01-26 10:50:00,,,,,,,,,,,,,,,,,,,,,,,,,,,,,,,,,,,,,,,,,,,,,,,,,,,,,,,,,,,,,,,,,,,,,,,,,,,,,,,,,,,,,,,,,,,,,,,,,2018-01-26 07:03:00,243.00000000000003,158.0,289.0,2018-01-26 06:52:12,405.0,131.0,2018-01-26 06:56:15,2018-01-26 06:53:42,2018-01-26 06:57:01,648.0,E24,E_NORTH,18L,S_18L,27E,,,,,,,,,,,,,,,,,,,,,,,,,,,,,,,,,,,,2018-01-26 06:32:18,18L,SE/J,2018-01-26 06:31:26,-52,1,CRJ9,0344758N,0801610W,14000.0,282.2863,L,3_S_SIM_VIS,2018-01-25 19:21:02,2018-01-26 05:18:43,3_S_SIM_VIS,,,,,,,,,,,,,,,,,,,,,,,,,,,,,,,,1294.0,304.0,158.0,158.0,243.0,405.0,274.0,274.0
JIA5246,JIA5246.GNV.CLT.180121.0915.1057.AIRLINE,True,10940089.0,JET,N546FF,CRJ7,31000.0,KCLT,BANKR,E19,2018-01-26 06:44:00,2604.0,JIA,KGNV,,,1,2018-01-26 05:19:00,2018-01-26 05:19:00,,,,2018-01-26 05:08:00,,,,,,,,,,,,,,,,,False,False,AIRLINE,672094.0,False,False,35.22266,UNSET,KGNV./.AMG008064..PONZE.BANKR2.KCLT/1117,,IN_GATE,2018-01-26 06:55:19,,2018-01-26 05:16:53,TFM,SCHEDULED,2018-01-26 04:31:35,,,,,,2018-01-26 06:03:37,2018-01-26 05:17:01,2018-01-26 06:20:13,2018-01-26 06:26:29,2018-01-26 06:30:03,2018-01-26 06:37:48,,,,,,,,,,,,,,,,,,,,,,,,,,,2018-01-26 10:19:00,,,,,,,,,,,,,,,,,,,,,,,,,,,,,,,,,,,,,,,,,,,,,,,,,,,,,,,,,,,,,,,,,,,,,,,,,,,,,,,,,,,,,,,,,,,,,,,,,2018-01-26 06:36:00,214.0,97.0,469.00000000000006,2018-01-26 06:26:28,358.0,0.0,2018-01-26 06:30:02,2018-01-26 06:26:42,2018-01-26 06:34:17,572.0,E19,E_EAST,18C,S_18L,12S,,,,,,,,,,,,,,,,,,,,,,,,,,,,,,,,,,,,2018-01-26 06:04:19,18R,BANKR/J,2018-01-26 06:04:11,-8,83,CRJ7,0343509N,0812633W,16900.0,306.51233,L,3_S_SIM_VIS,2018-01-25 19:21:02,2018-01-26 05:18:43,3_S_SIM_VIS,,,,,,,,,,,,,,,,,,,,,,,,,,,,,,,,1372.0,376.0,97.0,97.0,214.0,358.0,,
JIA5295,JIA5295.CVG.CLT.180121.0916.0095.AIRLINE,True,10949431.0,JET,N555NN,CRJ9,11000.0,KCLT,FILPZ,E25,2018-01-26 06:43:00,4031.0,JIA,KCVG,,HYK,A8,2018-01-26 05:15:00,2018-01-26 05:15:00,,,,2018-01-26 05:08:00,,,,,,,,,,,,,,,,,True,False,AIRLINE,650079.0,False,False,35.2249,UNSET,KCVG./.VXV094024..PHAYE.FILPZ3.KCLT/1117,,IN_GATE,2018-01-26 06:55:19,,2018-01-26 05:22:09,TFM,SCHEDULED,2018-01-26 04:31:15,,,,,,2018-01-26 06:03:55,2018-01-26 05:22:18,2018-01-26 06:15:27,2018-01-26 06:20:01,2018-01-26 06:22:00,2018-01-26 06:30:58,,,,,,,,,,,,,,,,,,,,,,,,,,,2018-01-26 10:15:00,,,,,,,,,,,,,,,,,,,,,,,,,,,,,,,,,,,,,,,,,,,,,,,,,,,,,,,,,,,,,,,,,,,,,,,,,,,,,,,,,,,,,,,,,,,,,,,,,2018-01-26 06:30:00,119.0,97.0,117.0,2018-01-26 06:20:00,481.00000000000006,307.0,2018-01-26 06:21:59,2018-01-26 06:20:37,2018-01-26 06:21:57,600.0,E25,E_NORTH_EAST,18C,S_18L,11W,,,,,,,,,,,,,,,,,,,,,,,,,,,,,,,,,,,,2018-01-26 06:05:16,18R,FILPZ/J,2018-01-26 06:07:55,159,0,CRJ9,0353044N,0814249W,12700.0,321.62784,L,3_S_SIM_VIS,2018-01-25 19:21:02,2018-01-26 05:18:43,3_S_SIM_VIS,,,,,,,,,,,,,,,,,,,,,,,,,,,,,,,,966.0,274.0,97.0,97.0,119.0,481.0,174.0,174.0
JIA5337,JIA5337.CHS.CLT.180121.0916.0171.AIRLINE,True,10967751.0,JET,N573NN,CRJ9,21000.0,KCLT,STOCR,E27,2018-01-26 06:39:00,734.0,JIA,KCHS,,,B7,2018-01-26 05:40:00,2018-01-26 05:37:35,,,,2018-01-26 05:38:00,,,,,,,,,,,,,,,,,False,False,AIRLINE,537578.0,False,False,35.224823,UNSET,KCHS.SWPFX2.FILLI..FLLGG.STOCR2.KCLT/1118,,IN_GATE,2018-01-26 06:55:19,,2018-01-26 05:46:56,TFM,SCHEDULED,2018-01-26 04:30:01,,,,,,2018-01-26 06:06:57,2018-01-26 05:47:15,2018-01-26 06:25:10,2018-01-26 06:31:13,2018-01-26 06:36:19,2018-01-26 06:40:21,,,,,,,,,,,,,,,,,,,,,,,,,,,2018-01-26 10:40:00,,,,,,,,,,,,,,,,,,,,,,,,,,,,,,,,,,,,,,,,,,,,,,,,,,,,,,,,,,,,,,,,,,,,,,,,,,,,,,,,,,,,,,,,,,,,,,,,,2018-01-26 06:40:00,306.0,158.0,351.0,2018-01-26 06:31:12,222.0,50.0,2018-01-26 06:36:18,2018-01-26 06:32:48,2018-01-26 06:37:03,528.0,E27,E_NORTH_EAST,18L,S_18L,27E,,,,,,,,,,,,,,,,,,,,,,,,,,,,,,,,,,,,2018-01-26 06:08:23,18L,SE/J,2018-01-26 06:08:36,13,63,CRJ9,0344039N,0802433W,15700.0,307.9147,L,3_S_SIM_VIS,2018-01-25 19:21:02,2018-01-26 05:18:43,3_S_SIM_VIS,,,,,,,,,,,,,,,,,,,,,,,,,,,,,,,,1456.0,363.0,158.0,158.0,306.0,222.0,172.0,172.0
JIA5355,JIA5355.CAK.CLT.180121.0915.0639.AIRLINE,True,10648131.0,JET,N259PS,CRJ2,11000.0,KCLT,PARQR,E21,2018-01-26 07:02:00,7431.0,JIA,KCAK,,,4B,2018-01-26 05:20:00,2018-01-26 05:20:00,,,,2018-01-26 05:13:00,,,,,,,,,,,,,,,,,True,False,AIRLINE,504061.0,False,False,35.22486,UNSET,KCAK./.3711N/08144W..PARQR.PARQR3.KCLT/1120,,IN_GATE,2018-01-26 06:55:19,,2018-01-26 05:23:32,TFM,SCHEDULED,2018-01-26 04:20:50,,,,,,2018-01-26 06:08:45,2018-01-26 05:23:39,2018-01-26 06:18:33,2018-01-26 06:24:47,2018-01-26 06:26:47,2018-01-26 06:34:11,,,,,,,,,,,,,,,,,,,,,,,,,,,2018-01-26 10:20:00,,,,,,,,,,,,,,,,,,,,,,,,,,,,,,,,,,,,,,,,,,,,,,,,,,,,,,,,,,,,,,,,,,,,,,,,,,,,,,,,,,,,,,,,,,,,,,,,,2018-01-26 06:36:00,120.0,97.0,117.0,2018-01-26 06:24:46,554.0,305.0,2018-01-26 06:26:46,2018-01-26 06:25:27,2018-01-26 06:26:43,674.0,E21,E_NORTH_EAST,18C,S_18L,11W,,,,,,,,,,,,,,,,,,,,,,,,,,,,,,,,,,,,2018-01-26 06:11:31,18R,PARQR/J,2018-01-26 06:12:30,59,124,CRJ2,0354218N,0811900W,11400.0,308.39474,C,3_S_SIM_VIS,2018-01-25 19:21:02,2018-01-26 05:18:43,3_S_SIM_VIS,,,,,,,,,,,,,,,,,,,,,,,,,,,,,,,,962.0,374.0,97.0,97.0,120.0,554.0,249.0,249.0
JIA5382,JIA5382.DAY.CLT.180121.0915.0699.AIRLINE,True,10616847.0,JET,N228PS,CRJ2,11000.0,KCLT,PARQR,E5,2018-01-26 07:00:00,6667.0,JIA,KDAY,,,A14,2018-01-26 05:25:00,2018-01-26 05:25:00,,,,2018-01-26 05:16:00,,,,,,,,,,,,,,,,,True,False,AIRLINE,426024.0,False,False,35.22174000000001,UNSET,KDAY./.CVG004025..TAFTT.PARQR3.KCLT/1129,,IN_GATE,2018-01-26 06:55:19,,2018-01-26 05:30:06,TFM,SCHEDULED,2018-01-26 04:25:48,,,,,,2018-01-26 06:16:39,2018-01-26 05:30:25,2018-01-26 06:25:10,2018-01-26 06:32:55,2018-01-26 06:34:33,2018-01-26 06:40:54,,,,,,,,,,,,,,,,,,,,,,,,,,,2018-01-26 10:25:00,,,,,,,,,,,,,,,,,,,,,,,,,,,,,,,,,,,,,,,,,,,,,,,,,,,,,,,,,,,,,,,,,,,,,,,,,,,,,,,,,,,,,,,,,,,,,,,,,2018-01-26 06:40:00,98.0,97.0,96.0,2018-01-26 06:32:54,328.0,284.0,2018-01-26 06:34:32,2018-01-26 06:33:47,2018-01-26 06:34:30,426.0,E5,E_SOUTH,18C,S_18L,11W,,,,,,,,,,,,,,,,,,,,,,,,,,,,,,,,,,,,2018-01-26 06:19:27,18R,PARQR/J,2018-01-26 06:19:13,-14,124,CRJ2,0354200N,0811847W,11200.0,272.31924,C,3_S_SIM_VIS,2018-01-25 19:21:02,2018-01-26 05:18:43,3_S_SIM_VIS,,,,,,,,,,,,,,,,,,,,,,,,,,,,,,,,976.0,465.0,97.0,97.0,98.0,328.0,44.0,44.0
JIA5399,JIA5399.IAD.CLT.180121.0915.0748.AIRLINE,True,10942173.0,JET,N548NN,CRJ9,13000.0,KCLT,CHSLY,E15,2018-01-26 06:53:00,7047.0,JIA,KIAD,,LYH,B71,2018-01-26 05:20:00,2018-01-26 05:20:00,,,,2018-01-26 05:16:00,,,,,,,,,,,,,,,,,False,False,AIRLINE,436204.0,False,False,35.22219000000001,UNSET,KIAD./.GVE248032..BLUEJ.CHSLY3.KCLT/1118,,IN_GATE,2018-01-26 06:55:19,CLEARED_TO_GATE,2018-01-26 05:29:02,TFM,SCHEDULED,2018-01-26 04:35:35,,,,,,2018-01-26 06:05:45,2018-01-26 05:29:10,2018-01-26 06:17:53,2018-01-26 06:23:34,2018-01-26 06:27:29,2018-01-26 06:31:14,,,,,,2018-01-26 06:31:14,,,,,,,,,,,,,,,,,,,,,2018-01-26 10:20:00,,,,,,,,,,,,,,,,,,,,,,,,,,,,,,,,,,,,,,,,,,,,,,,,,,,,,,,,,,,,,,,,,,,,,,,,,,,,,,,,,,,,,,,,,,,,,,,,,2018-01-26 06:30:00,235.00000000000003,158.0,278.0,2018-01-26 06:23:33,152.0,72.0,2018-01-26 06:27:28,2018-01-26 06:25:26,2018-01-26 06:28:11,387.0,E15,E_SOUTH,18L,S_18L,27E,,,,,,,,,,,,,,,,,,,,,,,,,,,,,,,,,,,,2018-01-26 06:06:48,18L,CHSLY/J,2018-01-26 06:08:19,91,131,CRJ9,0354844N,0802612W,13300.0,309.34918,L,3_S_SIM_VIS,2018-01-25 19:21:02,2018-01-26 05:18:43,3_S_SIM_VIS,,,,,,,,,,,,,,,,,,,,,,,,,,,,,,,,1069.0,341.0,158.0,158.0,235.0,152.0,80.0,80.0
JIA5426,JIA5426.SAV.CLT.180121.0915.0817.AIRLINE,True,10976911.0,JET,N582NN,CRJ9,23000.0,KCLT,STOCR,E17,2018-01-26 06:31:00,756.0,JIA,KSAV,,,6,2018-01-26 05:25:00,2018-01-26 05:25:00,,,,2018-01-26 05:22:00,,,,,,,,,,,,,,,,,False,False,AIRLINE,300902.0,False,False,35.22234,UNSET,KSAV./.SAV037010..FLLGG.STOCR2.KCLT/1118,,IN_GATE,2018-01-26 06:55:19,CLEARED_TO_GATE,2018-01-26 05:37:59,TFM,ENROUTE,2018-01-26 04:22:01,,,,,,2018-01-26 06:04:22,2018-01-26 05:38:07,2018-01-26 06:21:33,2018-01-26 06:25:58,2018-01-26 06:29:39,2018-01-26 06:31:18,,,,,,2018-01-26 06:31:17,,,,,,,,,,,,,,,,,,,,,2018-01-26 10:25:00,,,,,,,,,,,,,,,,,,,,,,,,,,,,,,,,,,,,,,,,,,,,,,,,,,,,,,,,,,,,,,,,,,,,,,,,,,,,,,,,,,,,,,,,,,,,,,,,,2018-01-26 06:32:00,221.0,158.0,263.0,2018-01-26 06:25:57,142.0,64.0,2018-01-26 06:29:38,2018-01-26 06:27:49,2018-01-26 06:30:20,363.0,E17,E_SOUTH,18L,S_18L,27E,,,,,,,,,,,,,,,,,,,,,,,,,,,,,,,,,,,,2018-01-26 06:05:55,18L,SE/J,2018-01-26 06:07:51,116,-6,CRJ9,0344044N,0802438W,15700.0,310.04105,L,3_S_SIM_VIS,2018-01-25 19:21:02,2018-01-26 05:18:43,3_S_SIM_VIS,,,,,,,,,,,,,,,,,,,,,,,,,,,,,,,,1296.0,265.0,158.0,158.0,221.0,142.0,78.0,78.0
JIA5461,JIA5461.ILM.CLT.180121.0915.0913.AIRLINE,True,10945627.0,JET,N551NN,CRJ9,14000.0,KCLT,MLLET,E20,2018-01-26 06:47:00,3674.0,JIA,KILM,,,8,2018-01-26 05:40:00,2018-01-26 05:42:46,,,,2018-01-26 05:40:00,,,,,,,,,,,,,,,,,False,False,AIRLINE,552123.0,False,False,35.22648,UNSET,KILM./.ILM171003..OKNEE.MLLET2.KCLT/1133,,IN_GATE,2018-01-26 06:55:19,,2018-01-26 05:58:57,TFM,SCHEDULED,2018-01-26 04:38:01,,,,,,2018-01-26 06:23:55,2018-01-26 05:59:14,2018-01-26 06:39:43,2018-01-26 06:42:59,2018-01-26 06:48:16,2018-01-26 06:52:31,,,,,,,,,,,,,,,,,,,,,,,,,,,2018-01-26 10:40:00,,,,,,,,,,,,,,,,,,,,,,,,,,,,,,,,,,,,,,,,,,,,,,,,,,,,,,,,,,,,,,,,,,,,,,,,,,,,,,,,,,,,,,,,,,,,,,,,,2018-01-26 06:51:00,317.0,158.0,362.0,2018-01-26 06:42:58,165.0,135.0,2018-01-26 06:48:15,2018-01-26 06:44:31,2018-01-26 06:49:00,482.00000000000006,E20,E_NORTH,18L,S_18L,27E,,,,,,,,,,,,,,,,,,,,,,,,,,,,,,,,,,,,2018-01-26 06:25:34,18L,SE/J,2018-01-26 06:24:05,-89,-9,CRJ9,0344804N,0801630W,14000.0,281.13367,L,3_S_SIM_VIS,2018-01-25 19:21:02,2018-01-26 05:18:43,3_S_SIM_VIS,,,,,,,,,,,,,,,,,,,,,,,,,,,,,,,,1144.0,196.0,158.0,158.0,317.0,165.0,30.0,30.0
JIA5484,JIA5484.CRW.CLT.180121.0915.0944.AIRLINE,True,10640523.0,JET,N251PS,CRJ2,11000.0,KCLT,PARQR,E1,2018-01-26 06:40:00,6633.0,JIA,KCRW,,,C2,2018-01-26 05:29:00,2018-01-26 05:29:00,,,,2018-01-26 05:22:00,,,,,,,,,,,,,,,,,False,False,AIRLINE,387923.0,False,False,35.22191,UNSET,KCRW./.PSK271050..PARQR.PARQR3.KCLT/1116,,IN_GATE,2018-01-26 06:55:19,CLEARED_TO_GATE,2018-01-26 05:38:51,TFM,SCHEDULED,2018-01-26 04:31:01,,,,,,2018-01-26 06:04:09,2018-01-26 05:39:09,2018-01-26 06:13:55,2018-01-26 06:18:23,2018-01-26 06:20:58,2018-01-26 06:25:47,,,,,,2018-01-26 06:25:46,,,,,,,,,,,,,,,,,,,,,2018-01-26 10:29:00,,,,,,,,,,,,,,,,,,,,,,,,,,,,,,,,,,,,,,,,,,,,,,,,,,,,,,,,,,,,,,,,,,,,,,,,,,,,,,,,,,,,,,,,,,,,,,,,,2018-01-26 06:27:00,155.0,97.0,431.0,2018-01-26 06:18:22,363.0,0.0,2018-01-26 06:20:57,2018-01-26 06:18:58,2018-01-26 06:25:33,518.0,E1,E_SOUTH,18C,S_18L,12S,,,,,,,,,,,,,,,,,,,,,,,,,,,,,,,,,,,,2018-01-26 06:07:00,18R,PARQR/J,2018-01-26 06:06:57,-3,-12,CRJ2,0354204N,0811842W,10900.0,313.5541,L,3_S_SIM_VIS,2018-01-25 19:21:02,2018-01-26 05:18:43,3_S_SIM_VIS,,,,,,,,,,,,,,,,,,,,,,,,,,,,,,,,854.0,268.0,97.0,97.0,155.0,363.0,,
JIA5493,JIA5493.CHA.CLT.180121.0915.0997.AIRLINE,True,10643376.0,JET,N254PS,CRJ2,11000.0,KCLT,FILPZ,E2,2018-01-26 06:40:00,5267.0,JIA,KCHA,,,4,2018-01-26 05:28:00,2018-01-26 05:28:00,,,,2018-01-26 05:24:00,,,,,,,,,,,,,,,,,True,False,AIRLINE,474049.0,False,False,35.22177999999999,UNSET,KCHA..VXV..COMDY.FILPZ3.KCLT/1128,,IN_GATE,2018-01-26 06:55:19,,2018-01-26 05:46:52,TFM,SCHEDULED,2018-01-26 04:28:49,,,,,,2018-01-26 06:16:15,2018-01-26 05:47:15,2018-01-26 06:27:39,2018-01-26 06:34:17,2018-01-26 06:35:57,2018-01-26 06:42:31,,,,,,,,,,,,,,,,,,,,,,,,,,,2018-01-26 10:28:00,,,,,,,,,,,,,,,,,,,,,,,,,,,,,,,,,,,,,,,,,,,,,,,,,,,,,,,,,,,,,,,,,,,,,,,,,,,,,,,,,,,,,,,,,,,,,,,,,2018-01-26 06:43:00,99.0,97.0,101.0,2018-01-26 06:34:16,425.0,289.0,2018-01-26 06:35:55,2018-01-26 06:35:24,2018-01-26 06:35:57,524.0,E2,E_SOUTH,18C,S_18L,11W,,,,,,,,,,,,,,,,,,,,,,,,,,,,,,,,,,,,2018-01-26 06:17:38,18R,FILPZ/J,2018-01-26 06:17:53,15,244,CRJ2,0353037N,0814236W,12200.0,322.85638,C,3_S_SIM_VIS,2018-01-25 19:21:02,2018-01-26 05:18:43,3_S_SIM_VIS,,,,,,,,,,,,,,,,,,,,,,,,,,,,,,,,1082.0,398.0,97.0,97.0,99.0,425.0,136.0,136.0
JIA5508,JIA5508.OAJ.CLT.180121.0915.1036.AIRLINE,True,10938157.0,JET,N544EA,CRJ7,14000.0,KCLT,MLLET,E30,2018-01-26 06:44:00,2432.0,JIA,KOAJ,,,3,2018-01-26 05:25:00,2018-01-26 05:27:33,,,,2018-01-26 05:22:00,,,,,,,,,,,,,,,,,False,False,AIRLINE,413196.0,False,False,35.2248955,UNSET,KOAJ..RAPEN..OKNEE.MLLET2.KCLT/1136,,IN_GATE,2018-01-26 06:55:19,,2018-01-26 05:50:03,TFM,SCHEDULED,2018-01-26 04:25:42,,,,,,2018-01-26 06:11:43,2018-01-26 05:50:11,2018-01-26 06:29:56,2018-01-26 06:35:17,2018-01-26 06:38:13,2018-01-26 06:42:30,,,,,,,,,,,,,,,,,,,,,,,,,,,2018-01-26 10:25:00,,,,,,,,,,,,,,,,,,,,,,,,,,,,,,,,,,,,,,,,,,,,,,,,,,,,,,,,,,,,,,,,,,,,,,,,,,,,,,,,,,,,,,,,,,,,,,,,,2018-01-26 06:41:00,176.0,158.0,225.0,2018-01-26 06:35:16,168.0,115.0,2018-01-26 06:38:12,2018-01-26 06:37:02,2018-01-26 06:39:01,344.0,E30,E_NORTH,18L,S_18L,27E,,,,,,,,,,,,,,,,,,,,,,,,,,,,,,,,,,,,2018-01-26 06:13:29,18L,SE/J,2018-01-26 06:18:23,294,137,CRJ7,0344802N,0801638W,14000.0,281.03036,L,3_S_SIM_VIS,2018-01-25 19:21:02,2018-01-26 05:18:43,3_S_SIM_VIS,,,,,,,,,,,,,,,,,,,,,,,,,,,,,,,,1414.0,321.0,158.0,158.0,176.0,168.0,53.0,53.0
JIA5532,JIA5532.GSP.CLT.180121.0916.0032.AIRLINE,True,10946578.0,JET,N552NN,CRJ9,12000.0,KCLT,BANKR,E26,2018-01-26 07:00:00,5204.0,JIA,KGSP,,,A2,2018-01-26 06:00:00,2018-01-26 06:02:11,,,,2018-01-26 06:06:00,,,,,,,,,,TMA.ZTL.FAA.GOV-SWIM,,,,,,,False,False,AIRLINE,526997.0,False,False,35.2248955,UNSET,KGSP..SOUTH..BANKR.BANKR2.KCLT/1137,,IN_GATE,2018-01-26 06:55:19,,2018-01-26 06:16:00,TFM,SCHEDULED,2018-01-26 04:51:01,,,,,,2018-01-26 06:22:39,2018-01-26 06:16:12,2018-01-26 06:36:19,2018-01-26 06:39:54,2018-01-26 06:42:18,2018-01-26 06:49:01,,,,,,,,,,,,,,,,,,,,,,,,,,,2018-01-26 11:00:00,,,,,,,,,,,,,,,,,,,,,,,,,,,,,,,,,,,,,,,,,,,,,,,,,,,,,,,,,,,,,,,,,,,,,,,,,,,,,,,,,,,,,,,,,,,,,,,,,2018-01-26 06:48:00,144.0,97.0,433.0,2018-01-26 06:39:53,343.0,0.0,2018-01-26 06:42:17,2018-01-26 06:40:31,2018-01-26 06:47:06,487.00000000000006,E26,E_NORTH,18C,S_18L,22W,,,,,,,,,,,,,,,,,,,,,,,,,,,,,,,,2018-01-26 06:14:00,2018-01-26 06:14:00,2018-01-26 06:14:00,,2018-01-26 06:24:22,18R,BANKR/J,2018-01-26 06:25:36,74,5,CRJ9,0343649N,0812638W,12000.0,356.58975,C,3_S_SIM_VIS,2018-01-25 19:21:02,2018-01-26 05:18:43,3_S_SIM_VIS,,,,,,,,,,,,,,,,,,,,,,,,,,,0.0,0.0,1.0,0.0,0.0,1035.0,215.0,97.0,97.0,144.0,343.0,,
JIA5555,JIA5555.CHO.CLT.180121.0915.0612.AIRLINE,True,10973457.0,JET,N579NN,CRJ9,13000.0,KCLT,CHSLY,E32,2018-01-26 06:43:00,530.0,JIA,KCHO,,,5A,2018-01-26 05:30:00,2018-01-26 05:30:00,,,,2018-01-26 05:28:00,,,,,,,,,,,,,,,,,False,False,AIRLINE,525066.0,False,False,35.22634,UNSET,KCHO..LYH.CHSLY3.KCLT/1131,,IN_GATE,2018-01-26 06:55:19,,2018-01-26 05:50:20,TFM,SCHEDULED,2018-01-26 04:30:49,,,,,,2018-01-26 06:18:17,2018-01-26 05:50:37,2018-01-26 06:29:15,2018-01-26 06:37:16,2018-01-26 06:43:25,2018-01-26 06:46:53,,,,,,,,,,,,,,,,,,,,,,,,,,,2018-01-26 10:30:00,,,,,,,,,,,,,,,,,,,,,,,,,,,,,,,,,,,,,,,,,,,,,,,,,,,,,,,,,,,,,,,,,,,,,,,,,,,,,,,,,,,,,,,,,,,,,,,,,2018-01-26 06:45:00,369.0,158.0,367.0,2018-01-26 06:37:15,96.0,103.0,2018-01-26 06:43:24,2018-01-26 06:38:47,2018-01-26 06:43:22,465.00000000000006,E32,E_NORTH,18L,S_18L,29,,,,,,,,,,,,,,,,,,,,,,,,,,,,,,,,,,,,2018-01-26 06:19:18,18R,CHSLY/J,2018-01-26 06:20:27,69,277,CRJ9,0354837N,0802619W,13900.0,314.84058,L,3_S_SIM_VIS,2018-01-25 19:21:02,2018-01-26 05:18:43,3_S_SIM_VIS,,,,,,,,,,,,,,,,,,,,,,,,,,,,,,,,1139.0,481.0,158.0,158.0,369.0,96.0,-7.0,0.0
PDT4807,PDT4807.ROA.CLT.180121.0915.0379.AIRLINE,True,10725587.0,TURBO,N335EN,DH8C,10000.0,KCLT,,E38A,2018-01-26 06:39:00,2103.0,PDT,KROA,,,5,2018-01-26 05:34:00,2018-01-26 05:35:26,,,,2018-01-26 05:30:00,,,,,,,,,,,,,,,,,False,False,AIRLINE,360963.0,False,False,35.22631,UNSET,KROA..ROA.V103.GSO.V143.GIZMO..KCLT/1119,,IN_GATE,2018-01-26 06:55:19,,2018-01-26 05:39:58,TFM,SCHEDULED,2018-01-26 04:30:01,,,,,,2018-01-26 06:03:22,2018-01-26 05:40:19,2018-01-26 06:15:27,2018-01-26 06:21:30,2018-01-26 06:24:11,2018-01-26 06:28:01,,,,,,,,,,,,,,,,,,,,,,,,,,,2018-01-26 10:34:00,,,,,,,,,,,,,,,,,,,,,,,,,,,,,,,,,,,,,,,,,,,,,,,,,,,,,,,,,,,,,,,,,,,,,,,,,,,,,,,,,,,,,,,,,,,,,,,,,2018-01-26 06:34:00,161.0,158.0,203.0,2018-01-26 06:21:29,590.0,84.0,2018-01-26 06:24:10,2018-01-26 06:23:09,2018-01-26 06:24:52,751.0,E38A,E_NORTH,18L,S_18L,27E,,,,,,,,,,,,,,,,,,,,,,,,,,,,,,,,,,,,2018-01-26 06:04:44,18L,MAJIC/P,2018-01-26 06:04:05,-39,13,DH8C,0355044N,0803017W,6000.0,241.3274,L,3_S_SIM_VIS,2018-01-25 19:21:02,2018-01-26 05:18:43,3_S_SIM_VIS,,,,,,,,,,,,,,,,,,,,,,,,,,,,,,,,1088.0,363.0,158.0,158.0,161.0,590.0,506.0,506.0
PDT4879,PDT4879.CAE.CLT.180121.0915.0949.AIRLINE,True,10996566.0,JET,N601DW,E145,12000.0,KCLT,BANKR,E4,2018-01-26 06:55:00,2673.0,PDT,KCAE,,,G,2018-01-26 05:57:00,2018-01-26 05:57:00,,,,2018-01-26 06:02:00,,,,,,,,,,TMA.ZTL.FAA.GOV-SWIM,,,,,,,False,False,TFM,497832.0,False,False,35.22685,UNSET,KCAE..CRDET..BANKR.BANKR2.KCLT/1135,,IN_GATE,2018-01-26 06:58:33,,2018-01-26 06:16:12,TFM,SCHEDULED,2018-01-26 04:16:39,,,,,,2018-01-26 06:25:39,2018-01-26 06:16:31,2018-01-26 06:40:15,2018-01-26 06:43:03,2018-01-26 06:44:37,2018-01-26 06:51:41,,,,,,,,,,,,,,,,,,,,,,,,,,,2018-01-26 10:57:00,,,,,,,,,,,,,,,,,,,,,,,,,,,,,,,,,,,,,,,,,,,,,,,,,,,,,,,,,,,,,,,,,,,,,,,,,,,,,,,,,,,,,,,,,,,,,,,,,2018-01-26 06:53:00,94.0,97.0,90.0,2018-01-26 06:43:02,504.00000000000006,429.0,2018-01-26 06:44:36,2018-01-26 06:43:59,2018-01-26 06:44:32,598.0,E4,E_NORTH,18C,S_18L,11W,,,,,,,,,,,,,,,,,,,,,,,,,,,,,,,,2018-01-26 06:08:00,2018-01-26 06:14:00,2018-01-26 06:16:00,,2018-01-26 06:26:30,18R,BANKR/J,2018-01-26 06:27:05,35,-9,E145,0343451N,0812604W,12000.0,294.42456,C,3_S_SIM_VIS,2018-01-25 19:21:02,2018-01-26 05:18:43,3_S_SIM_VIS,,,,,,,,,,,,,,,,,,,,,,,,,,,360.0,120.0,0.0,1.0,0.0,1044.0,168.0,97.0,97.0,94.0,504.0,75.0,75.0
PDT4908,PDT4908.EWN.CLT.180121.0916.0019.AIRLINE,True,10717378.0,TURBO,N327EN,DH8C,10000.0,KCLT,,E36,2018-01-26 07:00:00,7070.0,PDT,KEWN,,,3,2018-01-26 05:29:00,2018-01-26 05:23:00,,,,2018-01-26 05:25:00,,,,,,,,,,,,,,,,,True,False,FMC,346118.0,False,False,35.2264,UNSET,KEWN./.EWN310015..LIB.MAJIC2.CLT,,IN_GATE,2018-01-26 06:59:16,,2018-01-26 05:49:38,TFM,SCHEDULED,2018-01-26 04:29:42,,,,,,2018-01-26 06:32:13,2018-01-26 05:50:02,2018-01-26 06:45:03,2018-01-26 06:50:25,2018-01-26 06:53:00,2018-01-26 06:57:01,,,,,,,,,,,,,,,,,,,,,,,,,,,2018-01-26 10:43:00,,,,,,,,,,,,,,,,,,,,,,,,,,,,,,,,,,,,,,,,,,,,,,,,,,,,,,,,,,,,,,,,,,,,,,,,,,,,,,,,,,,,,,,,,,,,,,,,,2018-01-26 06:56:00,155.0,158.0,196.0,2018-01-26 06:50:24,181.0,96.0,2018-01-26 06:52:59,2018-01-26 06:51:42,2018-01-26 06:53:40,336.0,E36,E_NORTH,18L,S_18L,27E,,,,,,,,,,,,,,,,,,,,,,,,,,,,,,,,,,,,2018-01-26 06:36:14,18R,MAJIC/P,2018-01-26 06:52:05,951,0,DH8C,0354417N,0802937W,6000.0,248.22781,L,3_S_SIM_VIS,2018-01-25 19:21:02,2018-01-26 05:18:43,3_S_SIM_VIS,,,,,,,,,,,,,,,,,,,,,,,,,,,,,,,,1092.0,322.0,158.0,158.0,155.0,181.0,85.0,85.0
PDT4933,PDT4933.FLO.CLT.180121.0916.0064.AIRLINE,True,10720832.0,TURBO,N330EN,DH8C,10000.0,KCLT,,E34,2018-01-26 06:57:00,2661.0,PDT,KFLO,,,4,2018-01-26 06:00:00,2018-01-26 06:06:50,,,,2018-01-26 05:55:00,,,,,,,,,,,,,,,,,False,False,TFM,445961.0,False,False,35.22505570000001,UNSET,KFLO./.FLO232001..RASLN.RASLN3.KCLT/1134,,IN_GATE,2018-01-26 06:58:31,,2018-01-26 06:16:53,TFM,SCHEDULED,2018-01-26 04:23:50,,,,,,2018-01-26 06:27:45,2018-01-26 06:17:08,2018-01-26 06:43:38,2018-01-26 06:48:05,2018-01-26 06:50:56,2018-01-26 06:55:41,,,,,,,,,,,,,,,,,,,,,,,,,,,2018-01-26 11:00:00,,,,,,,,,,,,,,,,,,,,,,,,,,,,,,,,,,,,,,,,,,,,,,,,,,,,,,,,,,,,,,,,,,,,,,,,,,,,,,,,,,,,,,,,,,,,,,,,,2018-01-26 06:54:00,171.0,158.0,215.0,2018-01-26 06:48:04,185.0,102.0,2018-01-26 06:50:55,2018-01-26 06:49:40,2018-01-26 06:51:39,356.0,E34,E_NORTH,18L,S_18L,27E,,,,,,,,,,,,,,,,,,,,,,,,,,,,,,,,,,,,2018-01-26 06:29:48,18L,SE/P,2018-01-26 06:29:11,-37,1,DH8C,0344747N,0801641W,8900.0,251.56581,L,3_S_SIM_VIS,2018-01-25 19:21:02,2018-01-26 05:18:43,3_S_SIM_VIS,,,,,,,,,,,,,,,,,,,,,,,,,,,,,,,,1220.0,267.0,158.0,158.0,171.0,185.0,83.0,83.0
RPA4631,RPA4631.IND.CLT.180121.0915.0980.AIRLINE,True,10493811.0,JET,N107HQ,E170,11000.0,KCLT,FILPZ,C9,2018-01-26 06:59:00,6646.0,RPA,KIND,,DAWNN,B16,2018-01-26 05:20:00,2018-01-26 05:20:00,,,,2018-01-26 05:15:00,,,,,,,,,,,,,,,,,False,False,AIRLINE,454123.0,False,False,35.2188302,UNSET,KIND./.JKUKA294031..SKYWA.FILPZ3.KCLT/1128,,IN_GATE,2018-01-26 06:55:19,,2018-01-26 05:27:52,TFM,SCHEDULED,2018-01-26 04:15:53,,,,,,2018-01-26 06:18:15,2018-01-26 05:28:02,2018-01-26 06:30:15,2018-01-26 06:37:57,2018-01-26 06:40:33,2018-01-26 06:45:51,,,,,,,,,,,,,,,,,,,,,,,,,,,2018-01-26 10:20:00,,,,,,,,,,,,,,,,,,,,,,,,,,,,,,,,,,,,,,,,,,,,,,,,,,,,,,,,,,,,,,,,,,,,,,,,,,,,,,,,,,,,,,,,,,,,,,,,,2018-01-26 06:44:00,156.0,97.0,154.0,2018-01-26 06:37:56,208.0,148.0,2018-01-26 06:40:32,2018-01-26 06:38:39,2018-01-26 06:40:30,364.0,C9,C_WEST,18C,S_18L,11W,,,,,,,,,,,,,,,,,,,,,,,,,,,,,,,,,,,,2018-01-26 06:19:36,18R,FILPZ/J,2018-01-26 06:19:19,-17,328,E75S,0353037N,0814228W,13200.0,322.81488,C,3_S_SIM_VIS,2018-01-25 19:21:02,2018-01-26 05:18:43,3_S_SIM_VIS,,,,,,,,,,,,,,,,,,,,,,,,,,,,,,,,1182.0,462.0,97.0,97.0,156.0,208.0,60.0,60.0
RPA4661,RPA4661.CMH.CLT.180121.0916.0029.AIRLINE,True,10520340.0,JET,N133HQ,E170,11000.0,KCLT,PARQR,C5,2018-01-26 06:50:00,4017.0,RPA,KCMH,,,B24,2018-01-26 05:20:00,2018-01-26 05:20:00,,,,2018-01-26 05:14:00,,,,,,,,,,,,,,,,,False,False,AIRLINE,507801.0,False,False,35.21938710000001,UNSET,KCMH./.HVQ303054..MAHAF.PARQR3.KCLT/1129,,IN_GATE,2018-01-26 06:55:19,,2018-01-26 05:33:33,TFM,ENROUTE,2018-01-26 04:15:53,,,,,,2018-01-26 06:12:53,2018-01-26 05:33:38,2018-01-26 06:20:53,2018-01-26 06:28:53,2018-01-26 06:30:39,2018-01-26 06:37:40,,,,,,,,,,,,,,,,,,,,,,,,,,,2018-01-26 10:20:00,,,,,,,,,,,,,,,,,,,,,,,,,,,,,,,,,,,,,,,,,,,,,,,,,,,,,,,,,,,,,,,,,,,,,,,,,,,,,,,,,,,,,,,,,,,,,,,,,2018-01-26 06:36:00,106.0,97.0,105.0,2018-01-26 06:28:52,322.0,157.0,2018-01-26 06:30:38,2018-01-26 06:29:33,2018-01-26 06:30:37,428.0,C5,C_WEST,18C,S_18L,11W,,,,,,,,,,,,,,,,,,,,,,,,,,,,,,,,,,,,2018-01-26 06:15:20,18R,PARQR/J,2018-01-26 06:18:45,205,-1,E75S,0354210N,0811850W,11100.0,313.88168,C,3_S_SIM_VIS,2018-01-25 19:21:02,2018-01-26 05:18:43,3_S_SIM_VIS,,,,,,,,,,,,,,,,,,,,,,,,,,,,,,,,960.0,480.0,97.0,97.0,106.0,322.0,165.0,165.0
SWA575,SWA575.CLT.HOU.180125.1030.0055.TFM,False,10610361.0,JET,N221WN,B737,40000.0,KHOU,WAPPL,,2018-01-26 08:25:00,3141.0,SWA,KCLT,2018-01-26 06:04:51,ESTRR,A6,2018-01-26 05:30:00,,,,,2018-01-26 05:25:00,0.0,2018-01-26 05:25:51,2018-01-26 05:25:51,,,,,,,,,,,,,,False,False,TMA,1836252.0,False,False,32.9205555555556,UNSET,KCLT./.CLT249016..AEX.WAPPL4.KHOU/1317,True,OFF,2018-01-26 06:59:48,PROCEED_TO_SPOT,2018-01-26 05:30:58,FLIGHTHUB_POSITION,RAMP_TAXI_OUT,2018-01-26 05:00:21,2018-01-26 05:25:24,2018-01-26 05:28:38,2018-01-26 05:34:21,2018-01-26 05:50:00,2018-01-26 05:56:49,,,,,,,,,,,False,,2018-01-26 05:25:24,-334.0,,,,2018-01-26 05:28:38,,,,,,,,,,277.0,,,883.0,239.0,2018-01-26 10:30:00,,,,2018-01-26 10:25:23,2018-01-26 10:31:04,,,,,,,,,,,,,,,,,,,,,,,,,,,,,,,,,,,,,,,,,,,,,,,,,,,,,,,,,,,,,,,,,,,,,,,,,,,,,,,,,,,,,,,,,,,,,,,,,,,,,,,,,,,,1.6816764117560832,1348.0,239.00000000000003,2018-01-26 05:56:48,799.0,1135.0,799.0,1109.0,2018-01-26 05:43:29,2018-01-26 05:37:53,2018-01-26 05:43:29,2018-01-26 05:38:19,2018-01-26 05:25:23,2018-01-26 05:30:00,194.0,4.221414903253631,537.0,546.0,2018-01-26 05:34:20,2018-01-26 05:40:06,2018-01-26 05:34:29,2018-01-26 05:40:06,2018-01-26 05:28:37,1885.0,A6,A_SOUTH,18L,S_Normal,24,,,,,,,,,,,,,,,,,,,,,,,,,,,,,,,,,,,,,,,,,343.0,1348.0,1691.0,-203.0,1109.0,0.0,1109.0,1109.0,,,,,,,,,,,,,
SWA577,SWA577.CLT.MDW.180125.1130.0108.TFM,False,11331498.0,JET,N930WN,B737,38000.0,KMDW,CGT,,2018-01-26 08:30:00,2046.0,SWA,KCLT,,JOJJO,A6,2018-01-26 06:30:00,,,,,2018-01-26 06:25:00,0.0,2018-01-26 06:25:16,2018-01-26 06:25:16,,,,,,,,,,,,,,False,False,TMA,1770026.0,False,False,35.337777777777795,UNSET,KCLT.JOJJO3.DOOGE..FLM..OKK.FISSK4.KMDW/1324,,OFF,2018-01-26 06:59:58,PROCEED_TO_SPOT,2018-01-26 06:29:31,ASDEX,PUSHBACK,2018-01-26 04:30:01,2018-01-26 06:24:23,2018-01-26 06:30:08,2018-01-26 06:32:48,2018-01-26 06:45:21,2018-01-26 06:53:53,,,,,,,,,,,False,,2018-01-26 06:24:22,-309.0,,,,2018-01-26 06:30:08,,,,,,,,,,338.0,,,944.0,354.0,2018-01-26 11:30:00,,,,2018-01-26 11:24:22,2018-01-26 11:29:35,,,,,,,,,,,,,,,,,,,,,,,,,,,,,,,,,,,,,,,,,,,,,,,,,,,,,,,,,,,,,,,,,,,,,,,,,,,,,,,,,,,,,,,,,,,,,,,,,,,,,,,,,,,,1.7920156545827668,1265.0,354.0,2018-01-26 06:53:52,623.0,922.0,623.0,911.0,2018-01-26 06:43:29,2018-01-26 06:38:30,2018-01-26 06:43:29,2018-01-26 06:38:41,2018-01-26 06:24:22,2018-01-26 06:30:00,345.0,4.488910501083564,505.00000000000006,644.0,2018-01-26 06:32:47,2018-01-26 06:40:06,2018-01-26 06:35:06,2018-01-26 06:40:06,2018-01-26 06:30:07,1770.0,A6,A_SOUTH,18L,S_18L,13,,,,,,,,,,,,,,,,,,,,,,,,,,,,,,,,,,,,,,,,,160.0,1265.0,1425.0,-484.0,911.0,0.0,911.0,911.0,,,,,,,,,,,,,
UAL1087,UAL1087.CLT.EWR.180125.1055.0046.TFM,False,10855116.0,JET,N462UA,A320,37000.0,KEWR,ARD,,2018-01-26 07:50:00,2054.0,UAL,KCLT,2018-01-26 06:07:07,KILNS,A10,2018-01-26 05:52:00,,,,,2018-01-26 05:52:00,0.0,2018-01-26 05:38:17,2018-01-26 05:38:17,,,,,,,IDAC,,,,,,,False,False,TMA,1139901.0,False,False,40.1666666666667,UNSET,KCLT./.RIC239093..OTT.PHLBO3.KEWR/1215,,OFF,2018-01-26 06:59:56,PROCEED_TO_SPOT,2018-01-26 05:44:10,ASDEX,RAMP_TAXI_OUT,2018-01-26 05:00:21,2018-01-26 05:38:22,2018-01-26 05:43:17,2018-01-26 05:49:09,2018-01-26 05:51:02,2018-01-26 05:57:40,,,,,,,,,,,False,,2018-01-26 05:38:21,-349.0,,,,2018-01-26 05:43:17,,,,,,,,,,819.0,,,1402.0,199.0,2018-01-26 10:52:00,,,,2018-01-26 10:38:21,2018-01-26 10:44:14,,,,,,,,,,,,,,,,,,,,,,,,,,,,,,,,,,,,,,,,,,,,,,,,,,,,,,,,,,,,,,,,,,,,,,,,,,,,,,,,,,,,,,,,,,,,,,,,,,,,,,,,,,,,4.436203137078669,511.00000000000006,199.0,2018-01-26 05:57:39,-447.0,382.0,-447.0,312.0,2018-01-26 06:05:06,2018-01-26 05:51:17,2018-01-26 06:05:06,2018-01-26 05:52:27,2018-01-26 05:38:21,2018-01-26 05:52:00,295.0,3.5037091237205567,647.0,572.0,2018-01-26 05:49:08,2018-01-26 06:01:43,2018-01-26 05:47:53,2018-01-26 06:01:43,2018-01-26 05:43:16,1158.0,A10,A_SOUTH,18L,S_Normal,26S,,,,,,,,,,,,,,,,,,,,,,,,,,,,,,,,,,,,,,,,,352.0,511.0,863.0,-220.0,312.0,0.0,312.0,312.0,,,,,,,,,,,,,
UPS1284,UPS1284.PHL.CLT.180125.1713.0002.TFM,True,10867142.0,JET,N474UP,B752,13000.0,KCLT,CHSLY,,,1103.0,UPS,KPHL,,STOEN,,2018-01-26 03:12:00,,,,,2018-01-26 03:08:00,,,,,,,,,,,,,,,,,False,False,AIRLINE,507981.0,False,False,35.20921,UNSET,KPHL./.GSO024040..KCLT,,IN_GATE,2018-01-26 06:55:19,,2018-01-26 04:00:04,TMA,ENROUTE,,,,,,,2018-01-26 04:05:17,,2018-01-26 04:14:15,2018-01-26 04:18:53,2018-01-26 04:20:04,2018-01-26 04:28:02,,,,,,,,,,,,,,,,,,,,,,,,,,,2018-01-26 07:20:00,,,,,,,,,,,,,,,,,,,,,,,,,,,,,,,,,,,,,,,,,,,,,,,,,,,,,,,,,,,,,,,,,,,,,,,,,,,,,,,,,,,,,,,,,,,,,,,,,2018-01-26 04:21:00,71.0,74.0,106.0,2018-01-26 04:18:52,57.0,0.0,2018-01-26 04:20:03,2018-01-26 04:19:34,2018-01-26 04:20:38,128.0,SC1,SOUTH_CARGO,18L,S_Normal,SC_6,,,,,,,,,,,,,,,,,,,,,,,,,,,,,,,,,,,,2018-01-26 04:06:10,18L,CHSLY/J,2018-01-26 04:08:14,124,0,B752,0354815N,0802552W,17000.0,374.70053,,3_S_SIM_VIS,2018-01-25 19:21:02,2018-01-26 05:18:43,3_S_SIM_VIS,,,,,,,,,,,,,,,,,,,,,,,,,,,,,,,,816.0,278.0,,,,,,
UPS1286,UPS1286.SDF.CLT.180125.1828.0008.TFM,True,10528823.0,JET,N141UP,A306,11000.0,KCLT,FILPZ,,,4063.0,UPS,KSDF,,FEDRA,,2018-01-26 04:23:00,,,,,2018-01-26 04:37:00,,,,,,,,,,,,,,,,,False,False,AIRLINE,564100.0,False,False,35.20832,UNSET,KSDF./.VXV332049..PHAYE.FILPZ3.KCLT/1038,,IN_GATE,2018-01-26 06:55:19,,2018-01-26 04:49:10,TFM,SCHEDULED,2018-01-26 04:28:11,,,,,,2018-01-26 05:23:03,2018-01-26 04:49:14,2018-01-26 05:33:29,2018-01-26 05:38:01,2018-01-26 05:39:03,2018-01-26 05:48:00,,,,,,,,,,,,,,,,,,,,,,,,,,,2018-01-26 09:23:00,,,,,,,,,,,,,,,,,,,,,,,,,,,,,,,,,,,,,,,,,,,,,,,,,,,,,,,,,,,,,,,,,,,,,,,,,,,,,,,,,,,,,,,,,,,,,,,,,2018-01-26 05:39:00,62.00000000000001,56.0,98.0,2018-01-26 05:38:00,-2.0,0.0,2018-01-26 05:39:02,2018-01-26 05:38:14,2018-01-26 05:39:38,60.00000000000001,SC1,SOUTH_CARGO,18L,S_Normal,SC_6,,,,,,,,,,,,,,,,,,,,,,,,,,,,,,,,,,,,2018-01-26 05:24:26,23,FILPZ/J,2018-01-26 05:26:12,106,-9,A306,0353041N,0814225W,12800.0,327.2962,L,3_S_SIM_VIS,2018-01-25 19:21:02,2018-01-26 05:18:43,3_S_SIM_VIS,,,,,,,,,,,,,,,,,,,,,,,,,,,,,,,,898.0,272.0,,,,,,
